[
  {
    "country": "Malaysia",
    "title": "馬來西亞助學關懷",
    "description": "助學金頒發典禮透過情境故事與學生互動，引導孩子自我省思。",
    "date": "2022.10.30",
    "location": "馬六甲靜思堂",
    "photographer": "羅錦福"
  },
  {
    "country": "Malaysia",
    "title": "馬來西亞蔬食推廣",
    "description": "馬六甲靜思堂舉辦蔬食廚房推素行動，號召大眾透過吃生共善。",
    "date": "2022.10.10",
    "location": "馬六甲靜思堂",
    "photographer": "郭巧雲"
  },
  {
    "country": "Malaysia",
    "title": "馬來西亞環保市集",
    "description": "模食市集共匯集33個蔬食與環保攤位，推廣無肉和無痕的健康生活。",
    "date": "2022.10.30",
    "location": "吉隆坡靜思堂",
    "photographer": "黎日泉"
  },
  {
    "country": "Malaysia",
    "title": "馬來西亞環保市集",
    "description": "慈濟社教中心特設藍染、和菓子及蝶古巴特工坊，供民眾體驗。",
    "date": "2022.10.30",
    "location": "吉隆坡靜思堂",
    "photographer": "黎日泉"
  },
  {
    "country": "Malaysia",
    "title": "馬來西亞募心募愛",
    "description": "眾人紛紛投下一念善心，延續愛的循環。",
    "date": "2022.10.30",
    "location": "森美蘭州芙蓉新華小學",
    "photographer": "李訂鋒"
  },
  {
    "country": "Malaysia",
    "title": "馬來西亞物資發放",
    "description": "馬六甲分會聯合愛心企業推動食物銀行計劃，把資源轉贈給弱勢家庭。",
    "date": "2022.11.19",
    "location": "馬六甲靜思堂",
    "photographer": "黃玉花"
  },
  {
    "country": "Malaysia",
    "title": "馬來西亞環保回收",
    "description": "志工從投入環保中找到樂趣與歸屬感，並逐步優化回收流程和作業。",
    "date": "2022.11.19",
    "location": "柔佛州麻坡巴口環保站",
    "photographer": "江妙珍"
  },
  {
    "country": "Malaysia",
    "title": "馬來西亞難民關懷",
    "description": "慈濟與難民署聯辦教學中心搬遷至新校舍，志工與師生力清掃環境。",
    "date": "2022.11.26",
    "location": "雪蘭莪州慈濟和氣學習中心",
    "photographer": "顏錦源"
  },
  {
    "country": "Malaysia",
    "title": "馬來西亞蔬食義賣",
    "description": "義賣會匯集各色美食，推素同時也為無國籍學習中心籌募善款。",
    "date": "2022.12.04",
    "location": "亞庇聯絡處",
    "photographer": "謝念祥"
  },
  {
    "country": "Malaysia",
    "title": "馬來西亞難民關懷",
    "description": "義診中心開設烘焙課程，讓難民學習一技之長，以補貼家用。",
    "date": "2022.12.07",
    "location": "吉隆坡慈濟義診中心",
    "photographer": "郭巧雲"
  },
  {
    "country": "Malaysia",
    "title": "馬來西亞歲末祝福",
    "description": "每年歲末，志工邀約親友和照顧戶一同回家團圓，彼此祝福感恩。",
    "date": "2023.01.08",
    "location": "吉隆坡靜思堂",
    "photographer": "楊家超"
  },
  {
    "country": "Malaysia",
    "title": "馬來西亞募心募愛",
    "description": "孩子帶回存滿愛心的竹筒撲滿，點滴倒入愛心罐中。",
    "date": "2023.01.08",
    "location": "吉隆坡靜思堂",
    "photographer": "郭巧雲"
  },
  {
    "country": "Philippines",
    "title": "菲律賓醫療義診",
    "description": "慈濟人醫會、省衛生辦公室與教育部的醫護人員攜手為居民提供牙科診療。",
    "date": "2023.06.07",
    "location": "保和島薩巴焉鎮",
    "photographer": "Raycele Delusa"
  },
  {
    "country": "Philippines",
    "title": "菲律賓募心募愛",
    "description": "志工為土敘強震募集愛心，眾人樂於付出小小心意。",
    "date": "2023.02.26",
    "location": "保和島印那班鎮",
    "photographer": "Raycele Delusa"
  },
  {
    "country": "Philippines",
    "title": "菲律賓人文教育",
    "description": "慈濟大愛幼教中心邀約親子參與運動會、接近大自然。",
    "date": "2023.04.21",
    "location": "拉古納省",
    "photographer": "Daniel Lazar"
  },
  {
    "country": "Philippines",
    "title": "菲律賓孝親感恩",
    "description": "子女滿懷感恩之心，為母親浴足、獻花，以行動表達孝心。",
    "date": "2023.05.13",
    "location": "萊特省奧莫克市",
    "photographer": "菲律賓分會"
  },
  {
    "country": "Philippines",
    "title": "菲律賓火災關懷",
    "description": "馬尼拉住宅區發生大火，慈濟啟動發放，讓受難者暫度眼前難關。",
    "date": "2023.05.21",
    "location": "大岷區馬尼拉市",
    "photographer": "Matt Serrano"
  },
  {
    "country": "Philippines",
    "title": "菲律賓火災關懷",
    "description": "針對重災區1200多個家庭，提供每戶10公斤的大米及日用品。",
    "date": "2023.05.21",
    "location": "大岷區馬尼拉市",
    "photographer": "Matt Serrano"
  },
  {
    "country": "Philippines",
    "title": "菲律賓火災關懷",
    "description": "發放前，志工在等候區親切地與居民寒暄並介紹慈濟。",
    "date": "2023.05.21",
    "location": "大岷區馬尼拉市",
    "photographer": "Matt Serrano"
  },
  {
    "country": "Philippines",
    "title": "菲律賓募心募愛",
    "description": "志工在赫塔菲四個社區募心募愛，邀約民眾認養撲滿，發揮愛心。",
    "date": "2023.03.26",
    "location": "保和島赫塔菲鎮",
    "photographer": "Raycele Delusa"
  },

  {
    "country": "Philippines",
    "title": "菲律賓物資發放",
    "description": "慈濟在保和島原住民區啟動農業扶貧計畫，並為鄉親帶來生活物資。",
    "date": "2022.11.27",
    "location": "菲律賓分會提供",
    "photographer": "Matt Serrano"
  },
  {
    "country": "Philippines",
    "title": "菲律賓環境教育",
    "description": "亡人節期間，志工前往墓園向掃墓民眾宣導環保。",
    "date": "2022.11.01",
    "location": "萊特省奧莫克市",
    "photographer": "菲律賓分會提供"
  },
  {
    "country": "Indonesia",
    "title": "印尼衛生間援建",
    "description": "在中爪哇省政府協助下，建設3500間衛生間，改善偏鄉衛生環境。",
    "date": "2022.12.17",
    "location": "中爪哇省班查內加拉縣",
    "photographer": "Arimami Suryo Asmoro"
  },
  {
    "country": "Indonesia",
    "title": "印尼文具發放",
    "description": "素亞克村因大雨淹水，志工至當地學校關懷並發放文具。",
    "date": "2022.11.08",
    "location": "南楠榜縣素亞克村",
    "photographer": "Widodo"
  },
  {
    "country": "Indonesia",
    "title": "印尼醫療義診",
    "description": "義診團隊用愛付出，讓貧窮線下的村民有機會接受醫療照護。",
    "date": "2022.12.17",
    "location": "中爪哇省班查內加拉縣",
    "photographer": "Arimami Suryo Asmoro"
  },
  {
    "country": "Indonesia",
    "title": "印尼物資發放",
    "description": "志工與當地政府合作，提州窮弱勢民眾，幫助他們減輕生活負擔。",
    "date": "2022.10.09",
    "location": "廖內群島省丹戎巴拉吉汶",
    "photographer": "印尼分會提供"
  },
  {
    "country": "Indonesia",
    "title": "印尼物資發放",
    "description": "送上大米、食用油，關懷班達烏達瑪村的貧苦人士。",
    "date": "2022.11.27",
    "location": "蘇門答臘省直名丁宜市",
    "photographer": "蔡家毅"
  },

  {
    "country": "Indonesia",
    "title": "印尼醫療義診",
    "description": "慈濟與政府、醫院合作舉辦大型義診嘉惠大雅加達地區的貧病人士。",
    "date": "2023.02.11",
    "location": "當格朗美特洛醫院",
    "photographer": "Metta Wulandari"
  },
  {
    "country": "Indonesia",
    "title": "印尼醫療義診",
    "description": "提供白內障、疝氣、小腫瘤、兔唇等手術醫療服務。",
    "date": "2023.05.27",
    "location": "印尼慈濟醫院",
    "photographer": "Arimami Suryo Asmoro"
  },
  {
    "country": "Indonesia",
    "title": "印尼醫療義診",
    "description": "義診團隊用愛付出，讓貧窮線下的居民有機會接受醫療照護。",
    "date": "2023.02.12",
    "location": "當格朗美特洛醫院",
    "photographer": "Metta Wulandari"
  },
  {
    "country": "Indonesia",
    "title": "印尼物資發放",
    "description": "春節將至，志工準備大米、油等物資，致贈給需要的家庭。 ",
    "date": "2023.01.14",
    "location": "西爪哇省格拉旺縣",
    "photographer": "Arimami Suryo Asmoro"
  },
  {
    "country": "Indonesia",
    "title": "印尼義剪服務",
    "description": "發放現場提供理髮服務，讓大家能以清爽的面容迎接新的一年。",
    "date": "2023.01.08",
    "location": "棉蘭支會",
    "photographer": "印尼分會提供"
  },
  {
    "country": "Indonesia",
    "title": "印尼物資發放",
    "description": "疫情後物價飛漲，各地志工陸續舉辦物資發放，減輕民眾生活負擔。",
    "date": "2022.12.17",
    "location": "中爪哇省班查内加拉縣",
    "photographer": "Arimami Suryo Asmoro"
  },
  {
    "country": "Indonesia",
    "title": "印尼物資發放",
    "description": "每戶家庭領到需要的物資，安心迎接開齋節。",
    "date": "2023.04.16",
    "location": "北干巴魯聯絡處",
    "photographer": "許旗虎"
  },
  {
    "country": "Indonesia",
    "title": "印尼吊橋援建",
    "description": "志工協同國軍、企業家在偏鄉村落援建三座吊橋，保障村民的安全。",
    "date": "2023.03.20",
    "location": "北蘇門答臘省尼亞斯縣",
    "photographer": "Arimami Suryo Asmoro"
  },
  {
    "country": "Indonesia",
    "title": "印尼醫療義診",
    "description": "眼科義診包含視力測試、配戴眼鏡及白內障手術，讓需要的人都能重見光明。",
    "date": "2023.05.27",
    "location": "印尼慈濟醫院",
    "photographer": "Arimami Suryo Asmoro"
  },
  {
    "country": "Indonesia",
    "title": "印尼衛生間援建",
    "description": "在中爪哇省政府協助下，建設3500間衛生間，改善偏鄉衛生環境。",
    "date": "2022.12.17",
    "location": "中爪哇省班查内加拉縣",
    "photographer": "Arimami Suryo Asmoro"
  },
  {
    "country": "Cambodia",
    "title": "柬埔寨物資發放",
    "description": "慈濟定期在朗哥垃圾山發放物資，關懷以拾荒維生的居民。",
    "date": "2023.04.08",
    "location": "金邊市朗哥區",
    "photographer": "黃淑珍"
  },
  {
    "country": "Cambodia",
    "title": "柬埔寨物資發放",
    "description": "發放食糧，讓一個家庭在兩到三個月當中，不至斷炊。",
    "date": "2023.04.09",
    "location": "金邊市朗哥區",
    "photographer": "黃淑珍"
  },
  {
    "country": "Cambodia",
    "title": "柬埔寨機構關懷",
    "description": "羅卡區透過福利部向慈濟請求援助，關懷當地愛滋病患者。",
    "date": "2023.04.09",
    "location": "馬德望省桑岐縣羅卡區",
    "photographer": "黃淑珍"
  },
  {
    "country": "Cambodia",
    "title": "柬埔寨機構關懷",
    "description": "志工前往罹患愛滋的村民家中訪視，許多家庭不只一人患病，生活貧苦。",
    "date": "2023.04.09",
    "location": "馬德望省桑岐縣羅卡區",
    "photographer": "潘曉彤"
  },
  {
    "country": "Cambodia",
    "title": "柬埔寨物資發放",
    "description": "當地寺廟提供發放場地，志工感恩法師協助也送上大米等物資供養。",
    "date": "2023.05.08",
    "location": "馬德望省桑岐縣羅卡區",
    "photographer": "黃淑珍"
  },
  {
    "country": "Cambodia",
    "title": "柬埔寨機構關懷",
    "description": "以歡快的歌曲迎領孩子一同起舞，不讓愛在他們的生命中缺席。",
    "date": "2023.04.23",
    "location": "金邊市國家殘障孤兒院",
    "photographer": "黃淑珍"
  },
  {
    "country": "Cambodia",
    "title": "柬埔寨火災關懷",
    "description": "災後，志工送來慰問金、環保毛毯等物資，幫助災民度過眼前難關。",
    "date": "2023.03.16",
    "location": "磅清揚省",
    "photographer": "黃淑珍"
  },
  {
    "country": "Cambodia",
    "title": "柬埔寨火災關懷",
    "description": "志工帶來發放物資，也為愁眉不展的鄉親，帶來了笑容。",
    "date": "2023.03.16",
    "location": "磅清揚省",
    "photographer": "黃淑珍"
  },
  {
    "country": "Cambodia",
    "title": "柬埔寨火災關懷",
    "description": "人人虔誠祈禱，願善與愛的正面力量，讓世間無災無難。",
    "date": "2023.03.16",
    "location": "磅清揚省",
    "photographer": "黃淑珍"
  },
  {
    "country": "Cambodia",
    "title": "柬埔寨募心募愛",
    "description": "手捧撲滿虔誠募愛，一次次地彎腰感恩，獲得許多人善意回應。",
    "date": "2023.03.16",
    "location": "磅清揚省",
    "photographer": "黃淑珍"
  },

  {
    "country": "Thailand",
    "title": "泰國義診中心",
    "description": "泰國分會義診中心，於每周六日提供門診醫療，嘉惠許多離鄉背井的難民。",
    "date": "2023.03.25",
    "location": "泰國分會",
    "photographer": "蘇品緹"
  },
  {
    "country": "Thailand",
    "title": "泰國義剪服務",
    "description": "義診中心於每周二、四設有理髮區，為候診者打理儀容。",
    "date": "2023.03.25",
    "location": "泰國分會",
    "photographer": "蘇品緹"
  },
  {
    "country": "Thailand",
    "title": "泰國物資發放",
    "description": "民眾看診後，志工送上淨斯五穀粉，增加身體的免疫力，補身養性。",
    "date": "2023.03.25",
    "location": "泰國分會",
    "photographer": "蘇品緹"
  },
  {
    "country": "Thailand",
    "title": "泰國難民關懷",
    "description": "開辦線上中文課程，幫助難民增加謀生能力。",
    "date": "2023.03.22",
    "location": "泰國分會",
    "photographer": "蘇品緹"
  },
  {
    "country": "Thailand",
    "title": "泰國訪視關懷",
    "description": "針對經濟貧困之個人或家庭，每月提供經濟或實物補助。",
    "date": "2022.10.17",
    "location": "叻丕府喃倫沙律縣",
    "photographer": "康雅楓"
  },
  {
    "country": "Thailand",
    "title": "泰國紓困發放",
    "description": "持續提供援助物資，關懷因疫情收入銳減的計程車司機。",
    "date": "2022.12.27",
    "location": "泰國分會",
    "photographer": "黃娟"
  },
  {
    "country": "Thailand",
    "title": "泰國募心募愛",
    "description": "參與浴佛典禮的計程車司機們，紛紛拿著竹筒回娘家，傳愛心助他人。",
    "date": "2023.05.19",
    "location": "叻丕府喃倫沙律縣",
    "photographer": "康雅楓"
  },
  {
    "country": "Thailand",
    "title": "泰國紓困發放",
    "description": "慈善紓困計畫，短期援助低收家庭挺過疫情難關。",
    "date": "2022.09.29",
    "location": "北欖府素萬那普國際機場",
    "photographer": "斯訶拉"
  },
  {
    "country": "Thailand",
    "title": "泰國募心募愛",
    "description": "從求人轉為助人，她曾是慈濟的照顧戶，結案後願主動捐輸愛心，造福他人。",
    "date": "2022.10.17",
    "location": "叻丕府喃倫沙律縣",
    "photographer": "康雅楓"
  },

  {
    "country": "Myanmar",
    "title": "緬甸援建鋪路",
    "description": "每逢雨季，道路就泥濘不堪，慈濟透過以工代賑方式帶動村民鋪設道路。",
    "date": "2023.03.15",
    "location": "仰光省岱枝縣甌甘鎮艾基村",
    "photographer": "陳勇勝"
  },
  {
    "country": "Myanmar",
    "title": "緬甸援建鋪路",
    "description": "各村鄉親紛紛前來參與鋪路，也藉著以工代賑的機會，增加收入。",
    "date": "2023.03.15",
    "location": "仰光省岱枝縣甌甘鎮艾基村",
    "photographer": "陳勇勝"
  },
  {
    "country": "Myanmar",
    "title": "緬甸存米助人",
    "description": "即使生活不富裕，村民仍在煮飯時存下一把米，救濟更貧困的人。",
    "date": "2023.07.06",
    "location": "仰光省岱枝縣甌甘鎮",
    "photographer": "Saw Tho Han Saw"
  },
  {
    "country": "Myanmar",
    "title": "緬甸文具發放",
    "description": "志工為學齡孩子帶來制服、書包和文具，鼓勵孩子安心向學。",
    "date": "2023.06.10",
    "location": "仰光省岱枝縣甌甘鎮",
    "photographer": "Saw Tho Han Saw"
  },
  {
    "country": "Myanmar",
    "title": "緬甸文具發放",
    "description": "文具發放不僅減輕家長的經濟壓力，也幫助孩子們築夢。",
    "date": "2023.06.10",
    "location": "仰光省岱枝縣甌甘鎮",
    "photographer": "Saw Tho Han Saw"
  },
  {
    "country": "Myanmar",
    "title": "緬甸募心募愛",
    "description": "志工為土敘強震募集愛心，眾人樂於付出小小心意。",
    "date": "2023.02.28",
    "location": "勃固省",
    "photographer": "Mg Nyi Min Hein"
  },
  {
    "country": "Myanmar",
    "title": "緬甸募心募愛",
    "description": "村民熱情響應，踴躍捐出善款，為災民獻上一份祝福。",
    "date": "2023.02.20",
    "location": "勃固省",
    "photographer": "Mg Nyi Min Hein"
  },
  {
    "country": "Myanmar",
    "title": "緬甸訪視關懷",
    "description": "協助癱瘓的照顧戶就醫，出院後志工團隊以人力輪替陪伴返家。",
    "date": "2022.07.17",
    "location": "仰光省岱枝縣甌甘鎮",
    "photographer": "黃露發"
  },
  {
    "country": "Myanmar",
    "title": "緬甸社區愛灑",
    "description": "甌甘鎮村民熱情參與經藏演繹共修，志工一連四天帶領村民彩排演練。",
    "date": "2022.04.24",
    "location": "仰光省岱枝縣甌甘鎮",
    "photographer": "Mg Myint Thu"
  },
  {
    "country": "Myanmar",
    "title": "緬甸物資發放",
    "description": "納吉斯風災牽起發放稻種的善緣，慈濟持續關懷生活拮据的農民，協助他們脫平解困。",
    "date": "2022.04.20",
    "location": "仰光省岱枝縣甌甘鎮",
    "photographer": "Mg Myint Thu"
  },
  {
    "country": "Myanmar",
    "title": "緬甸物資發放",
    "description": "納吉斯風災牽起發放稻種的善緣，慈濟持續關懷生活拮据的農民，協助他們脫平解困。",
    "date": "2022.06.10",
    "location": "仰光省甌甘鎮瑞那滾村",
    "photographer": "陳勇勝"
  },

  {
    "country": "Singapore",
    "title": "新加坡環保宣導",
    "description": "協助環保競跑活動，在活動場地設置資源回收桶，引導民眾分類。",
    "date": "2023.06.11",
    "location": "濱海堤壩",
    "photographer": "NTUCIncome提供"
  },
  {
    "country": "Singapore",
    "title": "新加坡環保淨灘",
    "description": "號召大眾參與淨灘，清理岸邊廢棄物，以實際行動維護海洋生態。",
    "date": "2023.04.22",
    "location": "新加坡巴西立公園",
    "photographer": "黃瓋瑩"
  },
  {
    "country": "Singapore",
    "title": "新加坡義診中心",
    "description": "中醫義診中心提供全天門診，服務周邊社區的獨居長者及低收入家庭。",
    "date": "2023.02.06",
    "location": "慈濟義診中心",
    "photographer": "曾美珍"
  },
  {
    "country": "Singapore",
    "title": "新加坡環境教育",
    "description": "慈濟與PaGamO線上遊戲學習平台合\n作，讓孩子在競賽中學習環保知識。",
    "date": "2023.04.09",
    "location": "慈濟人文青年中心",
    "photographer": "黎東興"
  },
  {
    "country": "Singapore",
    "title": "新加坡環境教育",
    "description": "設置豐富的互動攤位，讓民眾在體驗中，認識不同的環境問題。",
    "date": "2023.04.09",
    "location": "慈濟人文青年中心",
    "photographer": "黎東興"
  },
  {
    "country": "Singapore",
    "title": "新加坡企業愛灑",
    "description": "物流公司與慈濟合作推廣公益，倡導環境永續和社會關懷的重要性。",
    "date": "2022.12.20",
    "location": "德鐵信可物流公司",
    "photographer": "曾美珍"
  },
  {
    "country": "Singapore",
    "title": "新加坡募心募愛",
    "description": "為土敘強震募集愛心，大家熱情響應，送愛給地震災民。",
    "date": "2023.03.05",
    "location": "義順地鐵站",
    "photographer": "黎東興"
  },
  {
    "country": "Singapore",
    "title": "新加坡綠色義賣",
    "description": "義賣會不提供抛棄式餐具，志工將用餐後的餐具清洗重複利用。",
    "date": "2023.01.08",
    "location": "新加坡靜思堂",
    "photographer": "梁儷燐"
  },
  {
    "country": "Singapore",
    "title": "新加坡綠色義賣",
    "description": "慈青透過有獎問答，向民眾分享低碳飲食的實踐方式與益處。",
    "date": "2023.01.08",
    "location": "新加坡靜思堂",
    "photographer": "蔡佑良"
  },
  {
    "country": "Singapore",
    "title": "新加坡感恩孝親",
    "description": "孩子為家長搥背按摩，感謝父母的養育之恩。",
    "date": "2022.06.05",
    "location": "慈濟人文青年中心",
    "photographer": "蔡佑良"
  },

  {
    "country": "Vietnam",
    "title": "越南歲末發放",
    "description": "每年歲末，不忘偏遠鄉間的村民，帶來冬季需要的物資。",
    "date": "2023.01.06",
    "location": "高平省原平縣",
    "photographer": "文天亮"
  },
  {
    "country": "Vietnam",
    "title": "越南歲末發放",
    "description": "志工提早至發放場地，把援助物資分袋整理。 ",
    "date": "2023.01.06",
    "location": "高平省原平縣",
    "photographer": "文天亮"
  },
  {
    "country": "Vietnam",
    "title": "越南歲末發放",
    "description": "受惠者陸續前來，帶著物資單登記入場。",
    "date": "2023.01.06",
    "location": "高平省原平縣",
    "photographer": "文天亮"
  },
  {
    "country": "Vietnam",
    "title": "越南歲末發放",
    "description": "志工向居民致意，希望他們在領到物資後，可以溫暖地度過嚴冬。",
    "date": "2023.01.06",
    "location": "高平省原平縣",
    "photographer": "陳氏苓丹"
  },
  {
    "country": "Vietnam",
    "title": "越南歲末發放",
    "description": "每戶都能拿到大米、植物油、乾麵等足夠一個月的糧食物資。",
    "date": "2023.01.06",
    "location": "高平省原平縣",
    "photographer": "文天亮"
  },
  {
    "country": "Vietnam",
    "title": "越南募心募愛",
    "description": "居民捐出積存的善款，讓愛心細水長流，匯聚成助人的力量。",
    "date": "2023.02.19",
    "location": "茶榮聯絡點",
    "photographer": "楊氏垂楊"
  },
  {
    "country": "Vietnam",
    "title": "越南感恩孝親",
    "description": "孩子細心地為父母親浴足，以行動表達孝心。",
    "date": "2023.07.09",
    "location": "小芹縣SOKFARM有限公司",
    "photographer": "金黃兄"
  },
  {
    "country": "Vietnam",
    "title": "越南感恩孝親",
    "description": "志工請在座的父母分享心得或感受，媽媽們在感動的氛圍中踴躍發言。",
    "date": "2023.07.09",
    "location": "小芹縣SOKFARM有限公司",
    "photographer": "金黃兄"
  },
  {
    "country": "Laos",
    "title": "寮國紓困發放",
    "description": "慈濟提供多項防疫設備與物資，支持當區疫情防控工作。",
    "date": "2021.06.07",
    "location": "占巴薩省百細市",
    "photographer": "花蓮本會提供"
  },
  {
    "country": "Laos",
    "title": "寮國紓困發放",
    "description": "在印尼、泰國慈濟志工接力下，將300張折疊床贈予占巴塞省衛生廳。",
    "date": "2021.06.30",
    "location": "占巴薩省百細市",
    "photographer": "花蓮本會提供"
  },
  {
    "country": "Laos",
    "title": "寮國水災關懷",
    "description": "逐戶拜訪受災村里，關懷災後的生活情形。",
    "date": "2019.12.14",
    "location": "沙灣拿吉省桑納保利縣",
    "photographer": "魏國林"
  },

  {
    "country": "Macao",
    "title": "澳門歲末祝福",
    "description": "志工送上竹筒撲滿和會眾結緣，希望把愛延續。",
    "date": "2019.01.06",
    "location": "鏡湖醫院",
    "photographer": "涂安莉"
  },
  {
    "country": "Macao",
    "title": "澳門歲末祝福",
    "description": "珠海志工演繹手語，感恩志工與會眾對慈濟長期的護持與付出。",
    "date": "2020.01.12",
    "location": "激成工業中心澳門共修處",
    "photographer": "涂安莉"
  },
  {
    "country": "Macao",
    "title": "澳門慈善論壇",
    "description": "第四屆海峽兩岸暨港澳慈善論壇，邀請慈善界代表與會研討交流。",
    "date": "2018.01.15",
    "location": "孫逸仙大馬路澳門科學館",
    "photographer": "主辦單位提供"
  },

  {
    "country": "Brunei",
    "title": "汶萊紓困發放",
    "description": "疫情擴散全球，醫院負責人感恩慈濟即時送來的防疫物資。",
    "date": "2020.05.07",
    "location": "蘇里斯里貝加萬醫院",
    "photographer": "鄭立言師兄提供"
  },
  {
    "country": "Brunei",
    "title": "汶萊紓困發放",
    "description": "志工至安老院贈送福慧紅包及素食，陪伴長者度過愉快的時光。",
    "date": "2022.11.25",
    "location": "馬來奕縣斯里亞安老院",
    "photographer": "汶萊聯絡點提供"
  },
  {
    "country": "Brunei",
    "title": "汶萊機構關懷",
    "description": "關懷患有智能障礙的孩童，並捐贈文具用品讓孩子使用。",
    "date": "2018.11.26",
    "location": "馬拉奕市益善中心",
    "photographer": "汶萊聯絡點提供"
  },
  {
    "country": "Brunei",
    "title": "汶萊助學生關懷",
    "description": "提供助學金補助經濟困難的家庭，讓孩子求學之路不中斷。",
    "date": "2019.01.06",
    "location": "馬來奕縣馬拉奕市汶萊聯絡點",
    "photographer": "汶萊聯絡點提供"
  },
  {
    "country": "Brunei",
    "title": "汶萊感恩孝親",
    "description": "子女細心地為母親浴足，感恩母親長年對家庭的付出。",
    "date": "2018.05.06",
    "location": "馬來奕縣馬拉奕市汶萊聯絡點",
    "photographer": "汶萊聯絡點提供"
  },

  {
    "country": "Timor",
    "title": "東帝汶難民發放",
    "description": "援助東帝汶機構的愛心船計畫，提供澳幣十萬元購買糧食與醫療用品。",
    "date": "1999.09.26",
    "location": "帝利",
    "photographer": "澳洲志工提供"
  },

  {
    "country": "Japan",
    "title": "日本街友關懷",
    "description": "無論陰晴，志工每月例行至代代木公園發放熱食",
    "date": "2023.03.14",
    "location": "東京都澀谷區代代木公園",
    "photographer": "欒玉欣"
  },
  {
    "country": "Japan",
    "title": "日本街友關懷",
    "description": "在寒冷的季節裡，熱食不但溫暖街友的胃更暖入心底。",
    "date": "2023.03.14",
    "location": "東京都澀谷區代代木公園",
    "photographer": "欒玉欣"
  },
  {
    "country": "Japan",
    "title": "日本浴佛典禮",
    "description": "三節合一的日子，志工帶領街友浴佛淨身淨心，滌淨心靈煩憂。",
    "date": "2023.05.15",
    "location": "日本分會",
    "photographer": "吳惠珍"
  },
  {
    "country": "Japan",
    "title": "日本大愛食堂",
    "description": "志工向政府申請開辦大愛食堂，以優惠價格提供素食便當給弱勢民眾。",
    "date": "2023.04.11",
    "location": "日本分會",
    "photographer": "李淑娟"
  },
  {
    "country": "Japan",
    "title": "日本人文教育",
    "description": "引導中文班的孩子透過所學，用中文寫出對媽媽的愛。",
    "date": "2023.05.14",
    "location": "日本分會",
    "photographer": "李淑娟"
  },
  {
    "country": "Japan",
    "title": "日本街友關懷",
    "description": "歲末寒冬之際，志工送來禦寒衣物，陪伴街友溫暖過冬。",
    "date": "2022.12.05",
    "location": "東京都澀谷區代代木公園",
    "photographer": "吳惠珍"
  },
  {
    "country": "Japan",
    "title": "日本素粽義賣",
    "description": "一年一度端午節前後，大廚志工們都會投入包素粽募愛心。",
    "date": "2023.05.31",
    "location": "兵庫縣神戶市",
    "photographer": "王孟專"
  },
  {
    "country": "Japan",
    "title": "日本街友關懷",
    "description": "不論是車站地下街或是屋外暗角處，志工一一尋訪避寒的街友予以關懷。",
    "date": "2022.11.28",
    "location": "神奈川縣橫濱市中區",
    "photographer": "吳惠珍"
  },

  {
    "country": "South Korea",
    "title": "韓國社區愛灑",
    "description": "浴佛典禮後，志工準備簡單的蔬食與會眾享用，一起茹素護生。",
    "date": "2023.05.14",
    "location": "京畿道華城市東灘韓國聯絡點",
    "photographer": "韓國聯絡點提供"
  },
  {
    "country": "South Korea",
    "title": "韓國募心募愛",
    "description": "志工為土敘強震募集愛心，為災民獻上一份祝福。",
    "date": "2023.03.18",
    "location": "京畿道華城市東灘韓國聯絡點",
    "photographer": "朴修民"
  },
  {
    "country": "South Korea",
    "title": "韓國紓困發放",
    "description": "疫情趨緩，志工帶著愛心祝福包，\n20天內走訪14個地點。",
    "date": "2020.04.02",
    "location": "釜山市沙下區",
    "photographer": "韓國聯絡點提供"
  },
  {
    "country": "South Korea",
    "title": "韓國紓困發放",
    "description": "送愛到寺廟、福利機構及災民住處。志工教奶奶戴口罩的方法。",
    "date": "2020.04.04",
    "location": "江原道江陵市玉溪面",
    "photographer": "韓國聯絡點提供"
  },
  {
    "country": "South Korea",
    "title": "韓國暴雨關懷",
    "description": "豪雨成災，志工擔憂獨居長者安危，準備各項資糧驅車前往關懷。",
    "date": "2020.08.09",
    "location": "京畿道",
    "photographer": "韓國聯絡點提供"
  },
  {
    "country": "South Korea",
    "title": "韓國暴雨關懷",
    "description": "探訪居民災後生活情形，帶來迫切需要的物資。",
    "date": "2020.07.25",
    "location": "江原道江陵市玉溪面",
    "photographer": "韓國聯絡點提供"
  },
  {
    "country": "South Korea",
    "title": "韓國社區愛灑",
    "description": "送上素粽，感恩與慰勞警察為社會治安付出的辛勞。",
    "date": "2020.06.25",
    "location": "京畿道水原南部警局",
    "photographer": "韓國聯絡點提供"
  },

  {
    "country": "North Korea",
    "title": "朝鮮糧荒賑災",
    "description": "賑災團勘查農作生長的情形；貧瘠的土地讓農作物嚴重歉收。",
    "date": "2011.10.04",
    "location": "黃海北道谷山郡平岩地區",
    "photographer": "古繼紅"
  },
  {
    "country": "North Korea",
    "title": "朝鮮糧荒賑災",
    "description": "連年糧食歉收與洪澇成災，使人民難得溫飽。",
    "date": "2011.12.19",
    "location": "黃海北道谷山郡德興地區",
    "photographer": "林玲悧"
  },
  {
    "country": "North Korea",
    "title": "朝鮮糧荒賑災",
    "description": "慈濟志工分兩梯次下鄉發放，親手膚慰災民。",
    "date": "2011.12.19",
    "location": "黃海北道谷山郡武葛地區",
    "photographer": "胡青青"
  },
  {
    "country": "North Korea",
    "title": "朝鮮糧荒賑災",
    "description": "連續5天，共發放1萬3千公噸「蒸穀米」給北韓人民。",
    "date": "2011.11.11 ",
    "location": "平安南道大同郡常山地區",
    "photographer": "林孔龍"
  },
  {
    "country": "North Korea",
    "title": "朝鮮糧荒賑災",
    "description": "幫助14多萬戶、逾44萬災民，度過瀕臨饑荒的危難關頭。",
    "date": "2011.11.13",
    "location": "黃海北道麟山郡志澤地區",
    "photographer": "林孔龍"
  },

  {
    "country": "Jordan",
    "title": "約旦物資發放",
    "description": "約旦分會多年來，持續關懷邊境沙漠區的敘利亞難民及貝都因部落。",
    "date": "2022.08.12",
    "location": "馬夫拉克虎威賈村帳篷區",
    "photographer": "陳秋華"
  },
  {
    "country": "Jordan",
    "title": "約旦物資發放",
    "description": "志工來到貝都因人居住的帳篷區，為學齡的孩子帶來書包、文具。",
    "date": "2022.09.16",
    "location": "馬夫拉克札塔里",
    "photographer": "陳秋華"
  },
  {
    "country": "Jordan",
    "title": "約旦物資發放",
    "description": "文具發放不僅減輕家長的經濟壓力，也幫助孩子們築夢。",
    "date": "2022.09.16",
    "location": "馬夫拉克札塔里",
    "photographer": "陳秋華"
  },
  {
    "country": "Jordan",
    "title": "約旦物資發放",
    "description": "嶄新的書包與文具，讓每個拿到禮物的孩子都愛不釋手。",
    "date": "2022.09.16",
    "location": "馬夫拉克札塔里",
    "photographer": "陳秋華"
  },
  {
    "country": "Jordan",
    "title": "約旦物資發放",
    "description": "志工帶動小朋友唱遊，熱情的互動很快就拉近了彼此的距離。",
    "date": "2022.09.16",
    "location": "馬夫拉克札塔里",
    "photographer": "林綠卿"
  },
  {
    "country": "Jordan",
    "title": "約旦物資發放",
    "description": "志工準備的午餐已就緒，孩子們圍坐一起細細品嚐。",
    "date": "2022.08.12",
    "location": "馬夫拉克虎威賈村帳篷區",
    "photographer": "陳秋華"
  },
  {
    "country": "Jordan",
    "title": "約旦醫療義診",
    "description": "義診團在馬夫拉克省開辦大型義診，以6個科別，服務565位患者。",
    "date": "2023.05.26",
    "location": "馬夫拉克虎威賈村",
    "photographer": "Mohammad Fayoume"
  },
  {
    "country": "Jordan",
    "title": "約旦醫療義診",
    "description": "炙熱的高溫，帳棚裡等候區的鄉親人潮望不見盡頭。",
    "date": "2023.05.26",
    "location": "馬夫拉克虎威賈村",
    "photographer": "陳秋華"
  },
  {
    "country": "Jordan",
    "title": "約旦醫療義診",
    "description": "義診團走入荒漠，為敘利亞難民和約旦困苦的鄉親解除身體病痛。",
    "date": "2023.05.26",
    "location": "馬夫拉克虎威賈村",
    "photographer": "陳秋華"
  },
  {
    "country": "Jordan",
    "title": "約旦醫療義診",
    "description": "克難的環境下，醫師竭盡心力為民眾解病苦。",
    "date": "2023.05.26",
    "location": "馬夫拉克虎威賈村",
    "photographer": "陳秋華"
  },

  {
    "country": "Turkey",
    "title": "土耳其震災援助",
    "description": "強震震碎無數家庭，慈濟先遣團隊趕往土耳其四個重災省份進行勘災。",
    "date": "2023.02",
    "location": "土耳其",
    "photographer": "慈濟志工提供"
  },
  {
    "country": "Turkey",
    "title": "土耳其震災援助",
    "description": "災民雖有帳篷可以棲身，但生活條件非常貧瘠克難。",
    "date": "2023.02.19",
    "location": "哈泰伊省安塔基亞",
    "photographer": "楊景卉"
  },
  {
    "country": "Turkey",
    "title": "土耳其震災援助",
    "description": "慈濟即刻成立救災應變中心，籌備調度物資，評估最適切的援助行動。",
    "date": "2023.02.14",
    "location": "蘇丹加濟市滿納海國際學校",
    "photographer": "萬家宏"
  },
  {
    "country": "Turkey",
    "title": "土耳其震災援助",
    "description": "拜訪聯合國人道援助事務廳及其他慈善組織，尋求更多的援助合作管道。",
    "date": "2023.02.18",
    "location": "加濟安泰普省",
    "photographer": "楊景卉"
  },
  {
    "country": "Turkey",
    "title": "土耳其震災援助",
    "description": "土耳其駐臺辦事處募集賑災物資，委由慈濟協助收貨及整理打包。",
    "date": "2023.02.12",
    "location": "台北內湖聯絡處",
    "photographer": "劉偉興"
  },
  {
    "country": "Turkey",
    "title": "土耳其震災援助",
    "description": "在當地採購的毛毯陸續送抵，志工合力搬運卸貨。",
    "date": "2023.02.16",
    "location": "蘇丹加濟市滿納海國際學校",
    "photographer": "萬家宏"
  },
  {
    "country": "Turkey",
    "title": "土耳其震災援助",
    "description": "截至3月10日，共展開18場物資卡發放，嘉惠494,149人。",
    "date": "2023.02.25",
    "location": "泰伊省雷伊漢勒市",
    "photographer": "Abdulrahman Hritani"
  },
  {
    "country": "Turkey",
    "title": "土耳其震災援助",
    "description": "災民抑鬱、悲痛的心，在發放中因為志工的關懷有了出口。",
    "date": "2023.03.05",
    "location": "加濟安泰普省",
    "photographer": "Mohammed Nimr AlJamal"
  },
  {
    "country": "Turkey",
    "title": "土耳其震災援助",
    "description": "災後超過一個月，慈濟還在重災區布點發放，持續幫助需要的民眾。",
    "date": "2023.03.06",
    "location": "加濟安泰普省",
    "photographer": "Mohammed Nimr AlJamal"
  },
  {
    "country": "Turkey",
    "title": "土耳其震災援助",
    "description": "志工期盼用愛止痛，在每一場發放都以尊重、恭敬的心來面對傷痛的人。",
    "date": "2023.02.17",
    "location": "泰伊省雷伊漢勒市",
    "photographer": "Abdulrahman Hritani"
  },
  {
    "country": "Turkey",
    "title": "土耳其震災援助",
    "description": "領到物資卡，災民能自行購足需要的食物與日用品。",
    "date": "2023.06.10",
    "location": "蘇丹加濟市滿納海國際學校",
    "photographer": "Mohammed Nimr AlJamal"
  },
  {
    "country": "Turkey",
    "title": "土耳其震災援助",
    "description": "志工與領取者互道感恩，表達彼此的尊重與感恩。",
    "date": "2023.06.24",
    "location": "蘇丹加濟市滿納海國際學校",
    "photographer": "Abdulrahman Hritani"
  },
  {
    "country": "Turkey",
    "title": "土耳其震災援助",
    "description": "尚勒烏爾法省",
    "date": "余自成",
    "location": "2023.03.27",
    "photographer": "累積40場發放，安定逾18萬人地震後的生活急難需求。"
  },
  {
    "country": "Turkey",
    "title": "土耳其震災援助",
    "description": "孩子們將一點一滴存下的零用錢倒入募款箱，願送愛給地震災民。",
    "date": "2023.02.18",
    "location": "蘇丹加濟市滿納海國際學校",
    "photographer": "Mohammed Nimr AlJamal"
  },

  {
    "country": "Lebanon",
    "title": "黎巴嫩爆炸關懷",
    "description": "福圖瓦協會人員陪同志工入戶訪視，了解貧困家庭生活現況。",
    "date": "2020.12.09",
    "location": "貝魯特節納海區聖西蒙",
    "photographer": "Mohammed Nimr AlJamal"
  },
  {
    "country": "Lebanon",
    "title": "黎巴嫩爆炸關懷",
    "description": "位於海邊的貧民區聖西蒙，棲居著巴勒斯坦、敘利亞難民及當地貧民。",
    "date": "2020.12.10",
    "location": "貝魯特節納海區聖西蒙",
    "photographer": "Mohammed Nimr AlJamal"
  },
  {
    "country": "Lebanon",
    "title": "黎巴嫩爆炸關懷",
    "description": "2天5場發放，逾400戶受惠，除了糧食外更提供冬季需要的毛毯、瓦斯取暖器。",
    "date": "2020.12.12",
    "location": "貝魯特節納海區",
    "photographer": "Mohammed Nimr AlJamal"
  },
  {
    "country": "Lebanon",
    "title": "黎巴嫩爆炸關懷",
    "description": "每戶能領到重達29公斤的食物包，可供一個家庭1個月所需。",
    "date": "2020.12.12",
    "location": "貝魯特節納海區",
    "photographer": "Mohammed Nimr AlJamal"
  },
  {
    "country": "Lebanon",
    "title": "黎巴嫩爆炸關懷",
    "description": "即便生活困難，居民仍無私付出捐出善款助人。",
    "date": "2020.12.13",
    "location": "貝魯特節納海區",
    "photographer": "Mohammed Nimr AlJamal"
  },
  {
    "country": "Lebanon",
    "title": "黎巴嫩爆炸關懷",
    "description": "繼2月物資援助，5月再度舉辦發放，持續關懷災後的弱勢民眾。",
    "date": "2021.05.04-05",
    "location": "貝魯特節納海區",
    "photographer": "福圖瓦伊斯蘭協會提供"
  },
  {
    "country": "Lebanon",
    "title": "黎巴嫩爆炸關懷",
    "description": "受疫情影響，慈濟志工無法前往，委由當地福圖瓦成員協助發放工作。",
    "date": "2021.05.04-05",
    "location": "貝魯特節納海區",
    "photographer": "福圖瓦伊斯蘭協會提供"
  },

  {
    "country": "Iraq",
    "title": "伊拉克人道救援",
    "description": "急備一萬五千件毛毯，以救援大批湧入約旦的難民。",
    "date": "2003.03.13",
    "location": "桃園縣蘆竹鄉南工路",
    "photographer": "謝秀完"
  },
  {
    "country": "Iraq",
    "title": "伊拉克人道救援",
    "description": "志工前往醫院發放物資，補充醫院工作人員、病患及家屬所需。",
    "date": "2003.05.15",
    "location": "巴格達約旦野戰醫院",
    "photographer": "陳秋華提供"
  },
  {
    "country": "Iraq",
    "title": "伊拉克人道救援",
    "description": "在烽火連天之際，慈濟志工穿梭在難民營中膚慰苦難眾生。",
    "date": "2003.05.14",
    "location": "巴格達約旦野戰醫院",
    "photographer": "陳秋華提供"
  },
  {
    "country": "Iraq",
    "title": "伊拉克人道救援",
    "description": "志工多次到邊境魯威西難民營，發放援助物資及關懷。",
    "date": "2003.04.11",
    "location": "巴格達法路加綜合醫院",
    "photographer": "約旦分會提供"
  },

  {
    "country": "Iran",
    "title": "伊朗巴姆強震救援",
    "description": "強震將千年古城幾乎夷為平地。志工走訪重災區評估援助計畫。",
    "date": "2003.12.28－2004.01.21",
    "location": "卡曼省巴姆市",
    "photographer": "顏霖沼 蕭耀華"
  },
  {
    "country": "Iran",
    "title": "伊朗巴姆強震救援",
    "description": "急難救助團隊前往馳援，在重點關懷區提供醫療援助。",
    "date": "2004.03.07",
    "location": "卡曼省巴姆市",
    "photographer": "顏霖沼"
  },
  {
    "country": "Iran",
    "title": "伊朗巴姆強震救援",
    "description": "援助八萬多位災民包括家庭醫藥箱、生活包、毛毯等物資。",
    "date": "2004.01.29",
    "location": "卡曼省巴姆市吉曼羅帝街",
    "photographer": "顏霖沼"
  },
  {
    "country": "Iran",
    "title": "伊朗巴姆強震救援",
    "description": "志工千里迢迢馳援，給予伊朗人民捐助。",
    "date": "2004.03.13 ",
    "location": "卡曼省巴姆市西納帳篷區",
    "photographer": "顏霖沼"
  },
  {
    "country": "Iran",
    "title": "伊朗巴姆強震救援",
    "description": "伊斯蘭新年前夕，慈濟致贈一包包大米祝福災民。",
    "date": "2004.03.13   ",
    "location": "卡曼省巴姆市西納帳篷區",
    "photographer": "顏霖沼"
  },
  {
    "country": "Iran",
    "title": "伊朗巴姆強震救援",
    "description": "在當地援建五所學校，確保孩子的教育能持續進行。",
    "date": "2007.03.05   ",
    "location": "巴姆市納吉米耶女子高級中學",
    "photographer": "顏霖沼"
  },

  {
    "country": "Afghanistan",
    "title": "阿富汗人道救援",
    "description": "戰爭與乾旱使許多村莊成為廢墟，帳篷無法抵擋凜冽的風雪。",
    "date": "2002.01.14",
    "location": "薩曼干省",
    "photographer": "王志宏/黃思賢"
  },
  {
    "country": "Afghanistan",
    "title": "阿富汗人道救援",
    "description": "志工走訪難民營，發放三個月的物資助難民度過寒冬。",
    "date": "2002.01.15",
    "location": "薩曼干省艾巴克市",
    "photographer": "陳金發"
  },
  {
    "country": "Afghanistan",
    "title": "阿富汗人道救援",
    "description": "共65噸的糧食及物資予450戶難民家庭。",
    "date": "2002.01.08",
    "location": "薩曼干省蘇坦市難民營",
    "photographer": "王志宏"
  },
  {
    "country": "Afghanistan",
    "title": "阿富汗人道救援",
    "description": "艾巴克市廢墟難民發放，志工在已領取物資的難民發放券上做記號。",
    "date": "2002.01.14",
    "location": "薩曼干省艾巴克市",
    "photographer": "陳金發"
  },
  {
    "country": "Afghanistan",
    "title": "阿富汗人道救援",
    "description": "跨越國界、種族、宗教的界線，讓難民燃起重生的希望。",
    "date": "2002.01.14   ",
    "location": "薩曼干省艾巴克市",
    "photographer": "陳金發"
  },

  {
    "country": "Azerbaijan",
    "title": "亞塞拜然戰火援助",
    "description": "慈濟與當地政府、雷諾徹西亞基金會、倫敦大學簽署三年援助計畫。",
    "date": "1996.12.09   ",
    "location": "英國倫敦倫敦大學",
    "photographer": "英國聯絡處提供"
  },
  {
    "country": "Azerbaijan",
    "title": "亞塞拜然戰火援助",
    "description": "飛越千哩之遙，給予戰爭受害的孤兒及難民人道援助。",
    "date": "1997",
    "location": "亞塞拜然",
    "photographer": "志工提供"
  },
  {
    "country": "Azerbaijan",
    "title": "亞塞拜然戰火援助",
    "description": "首批援助難民的物資，含帳篷、輪椅、毛毯及募集的衣物。",
    "date": "1997.06.20",
    "location": "亞塞拜然",
    "photographer": "英國聯絡處提供"
  },
  {
    "country": "Azerbaijan",
    "title": "亞塞拜然戰火援助",
    "description": "22至24日至四地難民營發放物資，總計嘉惠6154戶難民。",
    "date": "1997.06.13-28",
    "location": "薩伯里巴市",
    "photographer": "陳炳坤"
  },
  {
    "country": "Azerbaijan",
    "title": "亞塞拜然戰火援助",
    "description": "慈濟與當地政府、雷諾徹西亞基金會、倫敦大學簽署三年援助計畫。",
    "date": "1996.12.09   ",
    "location": "英國倫敦倫敦大學",
    "photographer": "英國聯絡處提供"
  },
  {
    "country": "Azerbaijan",
    "title": "亞塞拜然戰火援助",
    "description": "飛越千哩之遙，給予戰爭受害的孤兒及難民人道援助。",
    "date": "1997",
    "location": "亞塞拜然",
    "photographer": "志工提供"
  },
  {
    "country": "Azerbaijan",
    "title": "亞塞拜然戰火援助",
    "description": "首批援助難民的物資，含帳篷、輪椅、毛毯及募集的衣物。",
    "date": "1997.06.20",
    "location": "亞塞拜然",
    "photographer": "英國聯絡處提供"
  },
  {
    "country": "Azerbaijan",
    "title": "亞塞拜然戰火援助",
    "description": "22至24日至四地難民營發放物資，總計嘉惠6154戶難民。",
    "date": "1997.06.13-28",
    "location": "薩伯里巴市",
    "photographer": "陳炳坤"
  },

  {
    "country": "Syria",
    "title": "援助敘利亞難民",
    "description": "身處異國的難民們沒有身分、無法工作、缺乏醫療保障。",
    "date": "2017.09",
    "location": "約旦安曼",
    "photographer": "約旦分會提供"
  },
  {
    "country": "Syria",
    "title": "援助敘利亞難民",
    "description": "志工進入難民家庭，聆聽他們的心聲與需求。",
    "date": "2015.10   ",
    "location": "土耳其伊斯坦堡省蘇丹加濟市",
    "photographer": "李美儒"
  },
  {
    "country": "Syria",
    "title": "援助敘利亞難民",
    "description": "2015年在當地政府協助下，成立滿納海中小學，孩童能重拾書本。",
    "date": "2016.03",
    "location": "土耳其滿納海中小學",
    "photographer": "余自成"
  },
  {
    "country": "Syria",
    "title": "援助敘利亞難民",
    "description": "土耳其義診中心成立，讓難民有了身心病痛的醫治場所。",
    "date": "2016.07",
    "location": "土耳其義診服務中心",
    "photographer": "余自成"
  },
  {
    "country": "Syria",
    "title": "援助敘利亞難民",
    "description": "在約旦，補助數百位難民營病童接受手術治療。",
    "date": "2016.07",
    "location": "土耳其義診服務中心",
    "photographer": "余自成"
  },
  {
    "country": "Syria",
    "title": "援助敘利亞難民",
    "description": "在困苦無望的生活中，慈濟將他們擁入懷，給溫飽、施醫藥。",
    "date": "2016.12",
    "location": "約旦馬夫拉克札塔里",
    "photographer": "詹進德"
  },
  {
    "country": "Syria",
    "title": "援助敘利亞難民",
    "description": "難民營的廚房因暫時無法供水，慈濟協助提供熱食予難民。",
    "date": "2017.02",
    "location": "塞爾維亞斯雷姆州希德難民營",
    "photographer": "王明珠/黃玉美"
  },

  {
    "country": "Chechnya",
    "title": "車臣戰禍人道援助",
    "description": "志工前往世界醫師聯盟總部，了解車臣當地現況並評估後續援助。",
    "date": "1996.01.15",
    "location": "法國巴黎世界醫師聯盟總部",
    "photographer": "英國聯絡處"
  },
  {
    "country": "Chechnya",
    "title": "車臣戰禍人道援助",
    "description": "透過車臣友誼協調會協助造冊，針對居住在約旦安曼的車臣民眾提供援助。",
    "date": "2000.09.01",
    "location": "約旦",
    "photographer": "約旦聯絡處提供"
  },
  {
    "country": "Chechnya",
    "title": "車臣戰禍人道援助",
    "description": "首次食品及物資發放，安曼斯威拉赫及查卡城共62戶難民受惠。",
    "date": "2000.09.01",
    "location": "約旦",
    "photographer": "約旦聯絡處提供"
  },
  {
    "country": "Chechnya",
    "title": "車臣戰禍人道援助",
    "description": "志工整理發放物資，包括米、糖、食用油、通心粉等食糧。",
    "date": "2000.09.01",
    "location": "約旦",
    "photographer": "約旦聯絡處提供"
  },
  {
    "country": "Mongolia",
    "title": "外蒙古人道救援",
    "description": "臺灣政府與慈濟共同捐贈200件防疫隔離罩給蒙古國家傳染病中心。",
    "date": "2021.12.23",
    "location": "烏蘭巴托",
    "photographer": "花蓮本會提供"
  },
  {
    "country": "Mongolia",
    "title": "外蒙古人道救援",
    "description": "志工前往攝氏零下30度的外蒙古，進行連續五天發放任務。",
    "date": "1992.12.28－1993.01.02",
    "location": "烏蘭巴托機場",
    "photographer": "賑災團提供"
  },
  {
    "country": "Mongolia",
    "title": "外蒙古人道救援",
    "description": "慈濟在臺灣籌辦了嬰兒奶粉以及大批衣物、禦寒用品。",
    "date": "1992.12.05   ",
    "location": "花蓮靜思精舍",
    "photographer": "賑災團提供"
  },
  {
    "country": "Mongolia",
    "title": "外蒙古人道救援",
    "description": "緊急輸送營養品及禦寒衣物，援助孤兒與單親家庭。",
    "date": "1992.12",
    "location": "烏蘭巴托",
    "photographer": "賑災團提供"
  },
  {
    "country": "Mongolia",
    "title": "外蒙古人道救援",
    "description": "將濟助物資點滴不漏地交到人民手中，傳遞愛心與祝福。",
    "date": "1992.12",
    "location": "烏蘭巴托",
    "photographer": "賑災團提供"
  },

  {
    "country": "India",
    "title": "印度衛生教育",
    "description": "印度人多以手進食，志工推動餐前洗手並贈與餐具，改善孩子的衛生習慣。",
    "date": "2023.03.16",
    "location": "比哈爾省菩提迦耶學校",
    "photographer": "鄧亦絢"
  },
  {
    "country": "India",
    "title": "印度人文教育",
    "description": "將人文教育帶入校園，生動活潑的教學，讓孩子理解衛教和行善的觀念。",
    "date": "2023.03.13",
    "location": "比哈爾省菩提迦耶學校",
    "photographer": "鄧亦絢"
  },
  {
    "country": "India",
    "title": "印度募心募愛",
    "description": "村民熱情協助慈濟發放活動，鋸竹子製作結緣的竹筒。",
    "date": "2023.07.04",
    "location": "菩提迦耶牧羊女村",
    "photographer": "葉晉宏"
  },
  {
    "country": "India",
    "title": "印度募心募愛",
    "description": "從村落走向市集，逐戶推廣竹筒歲月，鼓勵大眾聚愛行善，幫助苦難人。",
    "date": "2023.07.03",
    "location": "菩提迦耶牧羊女村",
    "photographer": "葉晉宏"
  },
  {
    "country": "India",
    "title": "印度環境教育",
    "description": "在大樹下成立環保點，帶動村民資源回收、垃圾減量。",
    "date": "2023.07.08",
    "location": "菩提迦耶牧羊女村",
    "photographer": "葉晉宏"
  },
  {
    "country": "India",
    "title": "印度感恩孝親",
    "description": "孩子透過洗腳、搥背，傳達對父母的愛與感恩。",
    "date": "2023.07.11",
    "location": "菩提迦耶牧羊女村",
    "photographer": "葉晉宏"
  },
  {
    "country": "India",
    "title": "印度醫療義診",
    "description": "在村落展開健檢和宣導衛教，提升當地的醫療保健觀念。",
    "date": "2023.06.29",
    "location": "菩提迦耶牧羊女村",
    "photographer": "葉晉宏"
  },
  {
    "country": "India",
    "title": "印度健康講座",
    "description": "志工透過短劇演出，改善村內嚼檳榔和喝酒的不良習慣。",
    "date": "2023.06.25",
    "location": "比哈爾省菩提迦耶慕尼亞村",
    "photographer": "花蓮本會提供"
  },
  {
    "country": "India",
    "title": "印度社區愛灑",
    "description": "志工數度往返，致力於改變當地的生活條件，積極帶動向善的力量。",
    "date": "2023.06.25",
    "location": "菩提迦耶牧羊女村",
    "photographer": "葉晉宏"
  },
  {
    "country": "India",
    "title": "印度醫療援助",
    "description": "男孩大腹便便，家境一盆如洗，志工陪伴他赴首都醫院接受診治。",
    "date": "2022.07.19",
    "location": "新德里阿波羅醫院",
    "photographer": "宗教處提供"
  },

  {
    "country": "Nepal",
    "title": "尼泊爾訪視關懷",
    "description": "走入苦難眾生的環境中，看見殘疾病苦的惡性循環。",
    "date": "2023.02.11",
    "location": "第一省桑薩里縣",
    "photographer": "尼泊爾志工提供"
  },
  {
    "country": "Nepal",
    "title": "尼泊爾人文教育",
    "description": "志工在藍毘尼推動教育志業，期望一步步提升當地小朋友就學情況。",
    "date": "2022.12.29",
    "location": "藍毘尼喬達摩學校",
    "photographer": "李麗心"
  },
  {
    "country": "Nepal",
    "title": "尼泊爾人文教育",
    "description": "把靜思語帶入校園，推動人文教育，啟發孩子良善的品格。",
    "date": "2023.01.01",
    "location": "藍毘尼喬達摩學校",
    "photographer": "楊文輝"
  },
  {
    "country": "Nepal",
    "title": "尼泊爾清寒助學",
    "description": "深入農村暗角，找尋因家貧而輟學的孩子，資助他們完成學業。",
    "date": "2023.05.16",
    "location": "藍毘尼省魯潘德希縣",
    "photographer": "李麗心"
  },
  {
    "country": "Nepal",
    "title": "尼泊爾衛生教育",
    "description": "發放餐具也教導用餐禮儀，改善孩子們的衛生習慣。",
    "date": "2023.07.02",
    "location": "藍毘尼省悉達多小學",
    "photographer": "吳南凱"
  },
  {
    "country": "Nepal",
    "title": "尼泊爾文具發放",
    "description": "提供校服、書包，改善學校設施，讓學生在良好的環境下安心求學。",
    "date": "2022.12.16",
    "location": "藍毘尼省悉達多小學",
    "photographer": "李麗心"
  },
  {
    "country": "Nepal",
    "title": "尼泊爾文具發放",
    "description": "一步一腳印用心陪伴孩子們，期盼透過教育，翻轉他們的未來。",
    "date": "2022.12.16",
    "location": "藍毘尼省悉達多小學",
    "photographer": "李麗心"
  },
  {
    "country": "Nepal",
    "title": "尼泊爾募心募愛",
    "description": "孩子們力行竹筒歲月精神，日存一把米，分享給需要的人。",
    "date": "2023.07.02",
    "location": "藍毘尼喬達摩學校",
    "photographer": "吳南凱"
  },
  {
    "country": "Nepal",
    "title": "尼泊爾婦女職訓",
    "description": "開設縫紉培訓班，培訓在地婦女習得一技之長，改善家計。",
    "date": "2023.06.05",
    "location": "特努哈瓦社區學習中心",
    "photographer": "Raj Kumar"
  },
  {
    "country": "Nepal",
    "title": "尼泊爾醫療義診",
    "description": "在村落展開健檢和宣導衛教，提升當地的醫療保健觀念。",
    "date": "2023.02.25",
    "location": "藍毘尼省魯潘德希縣",
    "photographer": "攸尼斯"
  },
  {
    "country": "Nepal",
    "title": "尼泊爾醫療義診",
    "description": "醫療團隊二次來訪，為患有高血壓及高血糖的村民，做複診服務。",
    "date": "2023.07.24",
    "location": "藍毘尼省魯潘德希縣",
    "photographer": "Raj Kumar"
  },
  {
    "country": "Nepal",
    "title": "尼泊爾熱食發放",
    "description": "慈濟義診中心提供愛心午餐，服務前來就診的貧病人士。",
    "date": "2023.07.10",
    "location": "藍毘尼國際佛教協會義診中心",
    "photographer": "Raj Kumar"
  },
  {
    "country": "Nepal",
    "title": "尼泊爾住屋援建",
    "description": "志工召集以工代賑的照顧戶，一起改善弱勢者的居住環境。",
    "date": "2023.07.14",
    "location": "藍毘尼省魯潘德希縣",
    "photographer": "Raj Kumar"
  },
  {
    "country": "Nepal",
    "title": "尼泊爾水井援建",
    "description": "衛生站缺乏乾淨用水，志工協助開鑿水井，終於獲得乾淨水源。",
    "date": "2023.06.08",
    "location": "藍毘尼文化市阿瑪衛生站",
    "photographer": "張美玲"
  },
  {
    "country": "Nepal",
    "title": "尼泊爾人文教育",
    "description": "在器材匱乏的環境下，志工就地取材，協助學校舉辦首次的親子運動會。",
    "date": "2022.12.22",
    "location": "藍毘尼悉達多小學",
    "photographer": "李麗心"
  },
  {
    "country": "Nepal",
    "title": "尼泊爾文具發放",
    "description": "志工利用學校假期，為藍毘尼28所學校11263位學生發放學用品。",
    "date": "2022.12.16",
    "location": "藍毘尼省悉達多小學",
    "photographer": "李麗心"
  },
  {
    "country": "Nepal",
    "title": "尼泊爾文具發放",
    "description": "換好衣服、鞋、襪，背上新書包，孩子興奮的表情與陽光相輝映！",
    "date": "2022.12.20",
    "location": "藍毘尼省悉達多小學",
    "photographer": "李麗心"
  },
  {
    "country": "Nepal",
    "title": "尼泊爾募心募愛",
    "description": "透過緬甸米撲滿故事的演出，啟發村民日存一把米助人的善念。",
    "date": "2022.12.03",
    "location": "藍毘尼省魯潘德希縣",
    "photographer": "王綺楨"
  },
  {
    "country": "Nepal",
    "title": "尼泊爾醫療義診",
    "description": "志工在國際佛教協會義診中心，舉辦首次大型義診，服務貧病鄉親。",
    "date": "2022.11.04",
    "location": "藍毘尼國際佛教協會義診中心",
    "photographer": "攸尼斯"
  },
  {
    "country": "Nepal",
    "title": "尼泊爾衛教宣導",
    "description": "當地習慣以手進食，志工仔細示範洗手步驟，改善孩子的衛生習慣。",
    "date": "2022.12.20",
    "location": "藍毘尼省悉達多小學",
    "photographer": "李麗心"
  },

  {
    "country": "Sri Lanka",
    "title": "斯里蘭卡紓困發放",
    "description": "發放前，志工整理經濟拮据的名單，親自家訪和評估。",
    "date": "2022.07.05",
    "location": "南部省漢班托塔縣",
    "photographer": "烏迪尼"
  },
  {
    "country": "Sri Lanka",
    "title": "斯里蘭卡紓困發放",
    "description": "政府宣布破產，經濟陷入危機，志工著手採購、打包各項物資。",
    "date": "2022.07.05",
    "location": "漢班托塔慈濟辦事處",
    "photographer": "烏迪尼"
  },
  {
    "country": "Sri Lanka",
    "title": "斯里蘭卡紓困發放",
    "description": "首先針對漢班托塔大愛村以及國立慈濟中學，展開千戶發放。",
    "date": "2022.07.06",
    "location": "斯里蘭卡國立慈濟中學",
    "photographer": "烏迪尼"
  },
  {
    "country": "Sri Lanka",
    "title": "斯里蘭卡紓困發放",
    "description": "村民紛紛致謝，及時的援助令他們解開愁眉。",
    "date": "2022.07.06",
    "location": "漢班托塔慈濟辦事處",
    "photographer": "烏迪尼"
  },
  {
    "country": "Sri Lanka",
    "title": "斯里蘭卡募心募愛",
    "description": "教師們紛紛投下善款，讓愛心細水長流，匯聚成助人的力量。",
    "date": "2022.07.08",
    "location": "漢班托塔慈濟辦事處",
    "photographer": "烏迪尼"
  },
  {
    "country": "Sri Lanka",
    "title": "斯里蘭卡捐血活動",
    "description": "疫情間血庫告急，志工與當地血液中心合作舉辦捐血活動。",
    "date": "2022.01.14",
    "location": "卡可倫坡可倫坡聯絡點",
    "photographer": "可倫坡聯絡點提供"
  },
  {
    "country": "Sri Lanka",
    "title": "斯里蘭卡紓困發放",
    "description": "疫情趨緩，志工仍持續為生活陷入困境的弱勢民眾提供糧食。",
    "date": "2021.11.08",
    "location": "卡可倫坡可倫坡聯絡點",
    "photographer": "可倫坡聯絡點提供"
  },
  {
    "country": "Sri Lanka",
    "title": "斯里蘭卡紓困發放",
    "description": "因群聚人數管制，發放分14天進，居民保持安全距離依次入場。",
    "date": "2021.11.08",
    "location": "卡可倫坡可倫坡聯絡點",
    "photographer": "可倫坡聯絡點提供"
  },

  {
    "country": "Bangladesh",
    "title": "孟加拉募心募愛",
    "description": "災後，慈濟緊急援助糧食，受助者紛紛投下一念善心，延續愛的循環。",
    "date": "2022.11.21",
    "location": "吉大港專區羅基布爾縣",
    "photographer": "宗教處提供"
  },
  {
    "country": "Bangladesh",
    "title": "孟加拉疫情紓困",
    "description": "印度疫情擴及周邊國家，慈濟展開紓困發放，為弱勢民眾送上物資。",
    "date": "2021.05.28",
    "location": "達卡專區納拉揚甘傑縣",
    "photographer": "花蓮本會提供"
  },
  {
    "country": "Bangladesh",
    "title": "孟加拉疫情紓困",
    "description": "落實防疫措施，民眾戴佩口罩並消毒雙手。",
    "date": "2021.05.28",
    "location": "達卡專區納拉揚甘傑縣",
    "photographer": "花蓮本會提供"
  },
  {
    "country": "Bangladesh",
    "title": "孟加拉疫情紓困",
    "description": "民眾憑著發放單據前來領取物資。",
    "date": "2021.05.28",
    "location": "達卡專區納拉揚甘傑縣",
    "photographer": "花蓮本會提供"
  },
  {
    "country": "Bangladesh",
    "title": "孟加拉水患賑災",
    "description": "志工前往災區勘災，地勢低漥處，每逢下雨就淹水。",
    "date": "1993.09.21",
    "location": "孟加拉",
    "photographer": "林孔龍"
  },
  {
    "country": "Bangladesh",
    "title": "孟加拉水患賑災",
    "description": "拜會當地紅十字會人員，了解災況並評估後續援助。",
    "date": "1993.09.19",
    "location": "孟加拉",
    "photographer": "林孔龍"
  },
  {
    "country": "Bangladesh",
    "title": "孟加拉水患賑災",
    "description": "精舍師父與蒙藏委員會工作人員實地走訪，關心居民的生活。",
    "date": "1993.09.21",
    "location": "孟加拉",
    "photographer": "林孔龍"
  },
  {
    "country": "Bangladesh",
    "title": "孟加拉水患賑災",
    "description": "美國分會志工於街頭募款，援助飽受地震、颱風侵襲的災民。",
    "date": "1991.06",
    "location": "美國德州休士頓市",
    "photographer": "林孔龍"
  },
  {
    "country": "Bangladesh",
    "title": "孟加拉水患賑災",
    "description": "「⼀⼈一元」的勸募活動，將所募款項透過紅十字會援助災民。",
    "date": "1991.06.25",
    "location": "美國加州國際紅十字會",
    "photographer": "黃錦益"
  },

  {
    "country": "Pakistan",
    "title": "巴基斯坦水患援助",
    "description": "世紀洪災，逾800萬人無家可歸，災民以樹枝及布幔搭建臨時住處。",
    "date": "2022.10.01",
    "location": "信德省海德拉巴縣",
    "photographer": "慈濟基金會提供"
  },
  {
    "country": "Pakistan",
    "title": "巴基斯坦水患援助",
    "description": "慈濟透過當地慈善機構走入重災區訪查，了解災民所需。",
    "date": "2022.09.30",
    "location": "信德省",
    "photographer": "慈濟基金會提供"
  },
  {
    "country": "Pakistan",
    "title": "巴基斯坦水患援助",
    "description": "合作機構將慈濟援助物資，包含糧食包、淨水劑及蚊帳，一一分裝打包。",
    "date": "2022.12.28",
    "location": "信德省",
    "photographer": "慈濟基金會提供"
  },
  {
    "country": "Pakistan",
    "title": "巴基斯坦水患援助",
    "description": "經過數小時車程，賑災物資陸續送抵，隨即進行發放。",
    "date": "2022.12.28",
    "location": "信德省",
    "photographer": "慈濟基金會提供"
  },
  {
    "country": "Pakistan",
    "title": "巴基斯坦水患援助",
    "description": "帳篷區沒有門牌號碼，合作機構挨家挨戶查訪，評估受助家庭的需要。",
    "date": "2022.12.24",
    "location": "開伯爾普什圖省",
    "photographer": "慈濟基金會提供"
  },
  {
    "country": "Pakistan",
    "title": "巴基斯坦水患援助",
    "description": "一列列整齊排放的生活包，陪伴受難者度過急難階段。",
    "date": "2022.10.30",
    "location": "信德省塔塔縣",
    "photographer": "慈濟基金會提供"
  },
  {
    "country": "Pakistan",
    "title": "巴基斯坦水患援助",
    "description": "志工依照名冊核實發放，確保每份物資都能詳實送達。",
    "date": "2022.10.28",
    "location": "信德省塔塔縣",
    "photographer": "慈濟基金會提供"
  },
  {
    "country": "Pakistan",
    "title": "巴基斯坦水患援助",
    "description": "聯合當地六個慈善機構，幫助近二十萬人，每人一個月的糧食。",
    "date": "2022.12.28",
    "location": "信德省",
    "photographer": "慈濟基金會提供"
  },
  {
    "country": "Pakistan",
    "title": "巴基斯坦水患援助",
    "description": "期望不間斷的關懷，讓數萬個流離失所的家庭早日回歸日常生活。",
    "date": "2022.10.28",
    "location": "信德省塔塔縣",
    "photographer": "慈濟基金會提供"
  }
]
