[
  {
    "country": "Australia",
    "chinese name": "澳洲",
    "title": "物資發放",
    "content": "每年在伊普市舉辦四次發放，不論嚴冬或炎夏，志工都依約前來。",
    "date": "2022.11.13",
    "photographer": "彭雲華",
    "location": "昆士蘭省伊普斯威治市"
  },
  {
    "country": "Australia",
    "chinese name": "澳洲",
    "title": "物資發放",
    "content": "志工協助受惠者登記入場，此次發放總計120戶家庭受惠。",
    "date": "2022.11.13",
    "photographer": "彭雲華",
    "location": "昆士蘭省伊普斯威治市"
  },
  {
    "country": "Australia",
    "chinese name": "澳洲",
    "title": "募心募愛",
    "content": "志工手捧募款箱誠摯募愛，獲得許多人善意回應。",
    "date": "2022.11.13",
    "photographer": "彭雲華",
    "location": "昆士蘭省伊普斯威治市"
  },
  {
    "country": "Australia",
    "chinese name": "澳洲",
    "title": "水災關懷",
    "content": "連日大雨造成多區域淹水，志工前往重災區協助清理淤泥。",
    "date": "2022.10.19",
    "photographer": "李承效",
    "location": "維多利亞省墨爾本瑞巴僑"
  },
  {
    "country": "Australia",
    "chinese name": "澳洲",
    "title": "水災關懷",
    "content": "志工同心協力，將災民家中泡水的地毯清運到戶外。",
    "date": "2022.10.19",
    "photographer": "李承效",
    "location": "昆士蘭省伊普斯威治市"
  },
  {
    "country": "Australia",
    "chinese name": "澳洲",
    "title": "澳洲熱食發放",
    "content": "每月兩次大學送餐，支援受通貨膨脹影響、收入不足的學生。",
    "date": "2022.10.19",
    "photographer": "顏秀聰",
    "location": "昆士蘭省伊普斯威治市"
  },
  {
    "country": "Australia",
    "chinese name": "澳洲",
    "title": "環保綠化",
    "content": "為響應綠化行動，孩子們在志工的指導下學習種植樹苗。",
    "date": "2022.10.01",
    "photographer": "林依莉",
    "location": "昆士蘭省布里斯本市"
  },
  {
    "country": "Australia",
    "chinese name": "澳洲",
    "title": "物資發放",
    "content": "備齊滿桌的生活物資，幫助低收入家庭減緩經濟負擔。",
    "date": "2022.07.29",
    "photographer": "彭雲華",
    "location": "黃金海岸靜思堂"
  },
  {
    "country": "Australia",
    "chinese name": "澳洲",
    "title": "募心募愛",
    "content": "居民發心存善款，將竹筒撲滿交予志工。",
    "date": "2022.07.29",
    "photographer": "彭雲華",
    "location": "昆士蘭省伊普斯威治市"
  },
  {
    "country": "Australia",
    "chinese name": "澳洲",
    "title": "社區愛灑",
    "content": "志工演繹手語《無量義經》，讓觀眾透過視聽，深入淺出領受法義。",
    "date": "2022.11.19",
    "photographer": "施彬彬",
    "location": "布里斯本聯絡處"
  },
  {
    "country": "Australia",
    "chinese name": "澳洲",
    "title": "蔬食推廣",
    "content": "透過課程引導，學員學習運用當季食材自製蔬食料理。",
    "date": "2022.10.01",
    "photographer": "林依莉",
    "location": "昆士蘭省布里斯本市"
  },
  {
    "country": "New Zealand",
    "chinese name": "紐西蘭",
    "title": "社區關懷",
    "content": "與警方合作推動車牌防盜，志工為民眾更換特殊設計的牌照螺絲。",
    "date": "2022.09.10",
    "photographer": "吳美瑞",
    "location": "紐西蘭分會"
  },
  {
    "country": "New Zealand",
    "chinese name": "紐西蘭",
    "title": "物資發放",
    "content": "伊勢塔馬基小學校長來信請託，志工將申購的輔助教材贈與學生。",
    "date": "2022.09.20",
    "photographer": "李建中",
    "location": "奧克蘭市東塔馬基小學"
  },
  {
    "country": "New Zealand",
    "chinese name": "紐西蘭",
    "title": "機構關懷",
    "content": "受未來社區信託之邀，為遊民和低收入者募集二手衣物。",
    "date": "2022.10.15",
    "photographer": "林君諭",
    "location": "奧克蘭市帕帕庫拉區"
  },
  {
    "country": "New Zealand",
    "chinese name": "紐西蘭",
    "title": "機構關懷",
    "content": "志工將二手衣物按照性別、季節、年紀、尺碼，逐一分類整理。",
    "date": "2022.10.15",
    "photographer": "林君諭",
    "location": "奧克蘭市帕帕庫拉區"
  },
  {
    "country": "New Zealand",
    "chinese name": "紐西蘭",
    "title": "助學關懷",
    "content": "頒發獎狀及助學金，勉勵家境清寒的孩子安心向學。",
    "date": "2022.10.29",
    "photographer": "吳美瑞",
    "location": "紐西蘭分會"
  },
  {
    "country": "New Zealand",
    "chinese name": "紐西蘭",
    "title": "助學關懷",
    "content": "助學金不僅在經濟上給予支援，對孩子的學習興趣也有正向激勵的作用。",
    "date": "2022.10.29",
    "photographer": "吳美瑞",
    "location": "紐西蘭分會"
  },
  {
    "country": "New Zealand",
    "chinese name": "紐西蘭",
    "title": "環保淨園",
    "content": "志工合力清掃被棄置在公園的家庭廢棄物。",
    "date": "2022.09.03",
    "photographer": "李建中",
    "location": "歐塔拉皮爾貝克公園"
  },
  {
    "country": "New Zealand",
    "chinese name": "紐西蘭",
    "title": "機構關懷",
    "content": "耶誕前夕，志工準備小禮物陪伴長者歡度佳節並祝福平安健康。",
    "date": "2022.11.17",
    "photographer": "謝景志",
    "location": "奧克蘭市長青協會"
  },
  {
    "country": "New Zealand",
    "chinese name": "紐西蘭",
    "title": "機構關懷",
    "content": "每月一次會為華人中風協會的會員及家屬，安排不同的動靜活動。",
    "date": "2022.12.08",
    "photographer": "鄭輝隆",
    "location": "奧克蘭市北岸中風協會"
  },
  {
    "country": "Solomon Islands",
    "chinese name": "索羅門群島",
    "title": "索羅門群島物資發放",
    "content": "志工細心地整理、分類全臺集結的衣物、玩具等愛心物資。",
    "date": "2004.03.01",
    "photographer": "林崇豪",
    "location": "高雄靜思堂"
  },

  {
    "country": "Solomon Islands",
    "chinese name": "索羅門群島",
    "title": "物資發放",
    "content": "一箱箱援助物資將送往索羅門群島，救濟貧困民眾。",
    "date": "2004.03.08",
    "photographer": "李黎鐘",
    "location": "高雄靜思堂"
  },
  {
    "country": "Solomon Islands",
    "chinese name": "索羅門群島",
    "title": "風災關懷",
    "content": "熱帶風暴侵襲，萬人無家可歸。澳洲慈濟志工前往勘災。",
    "date": "2014.04.24",
    "photographer": "吳美瑞",
    "location": "紐西蘭分會"
  },
  {
    "country": "Solomon Islands",
    "chinese name": "索羅門群島",
    "title": "風災關懷",
    "content": "拜訪當地官員了解災情，來自國際援助物資充裕，暫無急迫需求。",
    "date": "2014.04.23",
    "photographer": "吳美瑞",
    "location": "紐西蘭分會"
  },
  {
    "country": "Fiji",
    "chinese name": "斐濟",
    "title": "防疫紓困",
    "content": "疫情影響民生，當地修女院向慈濟申請物資援助，協助民眾度過難關。",
    "date": "2021.08.19",
    "photographer": "聖文森修女會提供",
    "location": "斐濟"
  },
  {
    "country": "Fiji",
    "chinese name": "斐濟",
    "title": "防疫紓困",
    "content": "在印度聖文森修女院協助下，發放糧食援助四個村莊、860戶家庭。",
    "date": "2021.08.30",
    "photographer": "聖文森修女會提供",
    "location": "斐濟納托維"
  },
  {
    "country": "Fiji",
    "chinese name": "斐濟",
    "title": "防疫紓困",
    "content": "每戶都能拿到大米、麵粉及洗衣粉等足夠兩個月的糧食生活包。",
    "date": "2021.08.30",
    "photographer": "聖文森修女會提供",
    "location": "斐濟納托維"
  },
  {
    "country": "Micronesia",
    "chinese name": "密克羅尼西亞",
    "title": "颱風關懷",
    "content": "颱風襲擊，志工跨海前往義診，捐贈家庭醫藥箱及藥品。",
    "date": "2002.08.21",
    "photographer": "吳美瑞",
    "location": "塔諾斯島"
  },
  {
    "country": "Micronesia",
    "chinese name": "密克羅尼西亞",
    "title": "颱風關懷",
    "content": "志工各司其職將援助藥品入袋裝箱。",
    "date": "2006.06.10",
    "photographer": "徐鄭彩芳",
    "location": "中美兄弟製藥公司"
  },
  {
    "country": "Northern Mariana Islands",
    "chinese name": "北馬利安納群島",
    "title": "防疫紓困",
    "content": "塞班島上缺乏防疫物資，慈濟準備11850片口罩馳援。",
    "date": "2020.11.28",
    "photographer": "小野雅子師姊提供",
    "location": "塞班島Maturana修道院"
  },
  {
    "country": "Northern Mariana Islands",
    "chinese name": "北馬利安納群島",
    "title": "防疫紓困",
    "content": "捐助對象為老人院、教會、特殊教育學校及修道院等機構單位。",
    "date": "2020.08.03",
    "photographer": "小野雅子師姊提供",
    "location": "塞班島NMTI"
  },
  {
    "country": "Northern Mariana Islands",
    "chinese name": "北馬利安納群島",
    "title": "防疫紓困",
    "content": "志工為居住在修道院的高齡修女，帶來口罩防疫。",
    "date": "2020.11.28",
    "photographer": "小野雅子師姊提供",
    "location": "塞班島Maturana修道院"
  },

  {
    "country": "American Samoa",
    "chinese name": "美屬薩摩亞",
    "title": "環保推廣",
    "content": "居民慣飲瓶裝水卻未回收處理，慈濟捐贈攪碎機協助處理廢棄寶特瓶。",
    "date": "2013.08.22",
    "photographer": "林美雪",
    "location": "圖吐依拉島帕果帕果市"
  },
  {
    "country": "American Samoa",
    "chinese name": "美屬薩摩亞",
    "title": "環保推廣",
    "content": "志工向海嘯感恩戶介紹利用回收寶特瓶製成的環保織品。",
    "date": "2013.08.22",
    "photographer": "林美雪",
    "location": "圖吐依拉島帕果帕果市"
  },
  {
    "country": "American Samoa",
    "chinese name": "美屬薩摩亞",
    "title": "海嘯關懷",
    "content": "強震引發海嘯，摧毀最大島圖吐依拉沿海20個村落。",
    "date": "2009.10.09",
    "photographer": "Henry Chun",
    "location": "圖吐依拉島"
  },
  {
    "country": "American Samoa",
    "chinese name": "美屬薩摩亞",
    "title": "海嘯關懷",
    "content": "志工趕赴災區提供應急的現值卡，總計481戶，1968人受惠。",
    "date": "2009.10.10",
    "photographer": "Henry Chun",
    "location": "圖吐依拉島利昂尼"
  },
  {
    "country": "American Samoa",
    "chinese name": "美屬薩摩亞",
    "title": "海嘯關懷",
    "content": "發放現場空間不大，但大家依舊井然有序地靜待志工的招呼與服務。",
    "date": "2009.10.10",
    "photographer": "葉家森",
    "location": "圖吐依拉島勞力"
  },
  {
    "country": "American Samoa",
    "chinese name": "美屬薩摩亞",
    "title": "海嘯關懷",
    "content": "居民收到的現值卡是由每個愛心竹筒裡日積小小的銅板匯集而來。",
    "date": "2009.10.10",
    "photographer": "Henry Chun",
    "location": "圖吐依拉島勞力"
  },
  {
    "country": "American Samoa",
    "chinese name": "美屬薩摩亞",
    "title": "海嘯關懷",
    "content": "受惠民眾紛紛投下善款，造福他人。",
    "date": "2009.10.10",
    "photographer": "葉家森",
    "location": "圖吐依拉島勞力"
  },
  {
    "country": "American Samoa",
    "chinese name": "美屬薩摩亞",
    "title": "美屬薩摩亞醫療義診",
    "content": "義診團隊透過醫療專業與愛心，照顧每位前來看診的居民。",
    "date": "2003.08.02",
    "photographer": "夏威夷分會提供",
    "location": "圖吐依拉島強森總統紀念醫院"
  }
]
