[
  {
    "country": "Canada",
    "title": "加拿大環保掃街",
    "description": "志工沿著市區街道、車站或公園，仔細撿拾垃圾，維護市容整潔。",
    "date": "2023.04.22",
    "location": "安大略省多倫多列治文山",
    "photographer": "甄月群"
  },
  {
    "country": "Canada",
    "title": "加拿大街友關懷",
    "description": "一波波寒流來襲，志工頂著寒風，為遊民收容中心送來禦寒物資。",
    "date": "2023.02.17",
    "location": "多倫多遊民收容支援中心",
    "photographer": "丘啟源"
  },
  {
    "country": "Canada",
    "title": "加拿大機構合作",
    "description": "志工至食物銀行支援糧食整理工作，讓相關單位方便領取。",
    "date": "2023.05.01",
    "location": "多倫多列治文山社區食物銀行",
    "photographer": "余偉平"
  },
  {
    "country": "Canada",
    "title": "加拿大募心募愛",
    "description": "募集大眾的愛心，讓愛心細水長流，匯聚成助人的力量。",
    "date": "2023.05.19",
    "location": "多倫多LOFT遊民中心",
    "photographer": "尤德坤"
  },
  {
    "country": "Canada",
    "title": "加拿大社區愛灑",
    "description": "志工參與社區的夏日同樂會，設攤推廣推廣環保與介紹慈濟。",
    "date": "2023.06.07",
    "location": "安大略省多倫多列治文山",
    "photographer": "甄月群"
  },
  {
    "country": "Canada",
    "title": "加拿大熱食發放",
    "description": "與知味齋素食餐廳合作，供應素菜熱食予遊民朋友。",
    "date": "2023.03.31",
    "location": "列治文山知味齋素食餐館",
    "photographer": "丘啟源"
  },
  {
    "country": "Canada",
    "title": "加拿大機構合作",
    "description": "支援國際救援組織，將愛心物資打包整理，送往敘利亞災區。",
    "date": "2023.02.24",
    "location": "多倫多市全球醫援會",
    "photographer": "丘啟源"
  },
  {
    "country": "Canada",
    "title": "加拿大募心募愛",
    "description": "學生捐出一點一滴積存的愛心，為災民獻上一份祝福。",
    "date": "2023.02.26",
    "location": "北多倫多慈濟人文學校",
    "photographer": "梁延康"
  },
  {
    "country": "Canada",
    "title": "加拿大街友關懷",
    "description": "志工長期與LOFT遊民中心合作，共同支持露宿街頭的遊民與貧困者。",
    "date": "2022.11.18",
    "location": "多倫多LOFT遊民中心",
    "photographer": "丘啟源"
  },
  {
    "country": "Canada",
    "title": "加拿大街友關懷",
    "description": "寒冷的季節裡，志工滿載著愛心餐盒送往遊民收容支援中心。",
    "date": "2022.12.16",
    "location": "多倫多遊民收容支援中心",
    "photographer": "丘啟源"
  },
  {
    "country": "Mexico",
    "title": "墨西哥浴佛典禮",
    "description": "提娃那園區首次舉辦浴佛典禮，眾人虔誠一念心，為天下蒼生致上祝福。",
    "date": "2023.05.20",
    "location": "下加利福尼亞州提娃那市",
    "photographer": "駱淑麗"
  },
  {
    "country": "Mexico",
    "title": "墨西哥感恩孝親",
    "description": "為母親獻上鮮花和擁抱，孩子的感恩與孝順心在點滴中啟發。",
    "date": "2023.05.20",
    "location": "下加利福尼亞州提娃那市",
    "photographer": "駱淑麗"
  },
  {
    "country": "Mexico",
    "title": "墨西哥物資發放",
    "description": "浴佛節後，同時發放每個月的物資，如油、米、豆、罐頭等。",
    "date": "2023.05.20",
    "location": "下加利福尼亞州提娃那市",
    "photographer": "駱淑麗"
  },
  {
    "country": "Mexico",
    "title": "墨西哥物資發放",
    "description": "在不同信仰、語言的地區，也致力給予受助者物質與心靈的安慰。",
    "date": "2023.05.20",
    "location": "下加利福尼亞州提娃那市",
    "photographer": "駱淑麗"
  },
  {
    "country": "Mexico",
    "title": "墨西哥清寒助學",
    "description": "開辦希望教室，幫助當地大量失學兒童，回到教室裡重拾學業。",
    "date": "2023.05.19",
    "location": "下加利福尼亞州提娃那市",
    "photographer": "駱淑麗"
  },
  {
    "country": "Mexico",
    "title": "墨西哥牙科義診",
    "description": "慈濟和盧塞羅牙科集團攜手，三年來持續為貧病人士提供牙科診療。",
    "date": "2022.10.08",
    "location": "下加利福尼亞州提娃那市",
    "photographer": "駱淑麗"
  },
  {
    "country": "Mexico",
    "title": "墨西哥牙科義診",
    "description": "除了基礎的牙科治療，盧塞羅牙科集團也為病患提供矯正服務。",
    "date": "2022.10.08",
    "location": "下加利福尼亞州提娃那市",
    "photographer": "駱淑麗"
  },
  {
    "country": "Mexico",
    "title": "墨西哥社區關懷",
    "description": "透過醫師牽線，慈濟聯合希望光明協會為弱勢學童免費驗光配鏡。",
    "date": "2022.12.23",
    "location": "下加利福尼亞州提娃那市",
    "photographer": "李陳露莎"
  },
  {
    "country": "Mexico",
    "title": "墨西哥慈濟學校",
    "description": "頒發奬學金予優秀畢業生，激勵他們繼續勤勉向學。",
    "date": "2022.07.10",
    "location": "提娃那瑪瑞塔慈濟小學",
    "photographer": "蔡松谷"
  },
  {
    "country": "Guatemala",
    "title": "瓜地馬拉紓困發放",
    "description": "慈濟啟動大型發放，為五百個困難家庭提供生活物資。",
    "date": "2023.04.23",
    "location": "聖羅莎省聖羅薩德利馬市",
    "photographer": "葉吳麗珠"
  },
  {
    "country": "Guatemala",
    "title": "瓜地馬拉募心募愛",
    "description": "受助者紛紛投下一念善心，延續愛的循環。",
    "date": "2023.04.23",
    "location": "聖羅莎省聖羅薩德利馬市",
    "photographer": "葉吳麗珠"
  },
  {
    "country": "Guatemala",
    "title": "瓜地馬拉機構關懷",
    "description": "慈濟兒童中心成立20年，志工定期前來關懷，為孩子創造歡樂。",
    "date": "2023.05.21",
    "location": "聖奧古斯丁慈濟兒童社區中心",
    "photographer": "張素欣"
  },
  {
    "country": "Guatemala",
    "title": "瓜地馬拉機構關懷",
    "description": "志工帶來蠟筆和圖畫本，以引導陪伴啟發孩子的創造力。",
    "date": "2023.05.21",
    "location": "聖奧古斯丁慈濟兒童社區中心",
    "photographer": "張素欣"
  },
  {
    "country": "Guatemala",
    "title": "瓜地馬拉水災關懷",
    "description": "雷雨引發土石流，志工前往災區勘查，擬定後續援助行動。",
    "date": "2023.07.13",
    "location": "阿瑪蒂特蘭市小舟村",
    "photographer": "葉吳麗珠"
  },
  {
    "country": "Guatemala",
    "title": "瓜地馬拉紓困發放",
    "description": "志工前往聖安東尼奧帕洛波市，為670戶家庭帶來需要的物資。",
    "date": "2022.10.16",
    "location": "聖安東尼奧帕洛波市",
    "photographer": "葉吳麗珠"
  },
  {
    "country": "Guatemala",
    "title": "瓜地馬拉文具發放",
    "description": "致贈多項學用品，減輕低收入家庭的經濟壓力，讓孩子安心向學。",
    "date": "2023.02.05",
    "location": "瑪塔克斯昆特拉市",
    "photographer": "葉吳麗珠"
  },
  {
    "country": "Guatemala",
    "title": "瓜地馬拉募心募愛",
    "description": "孩子們紛紛投下一個銅板，一念愛心，感受助人的喜悅。",
    "date": "2023.02.12",
    "location": "拉埃斯昆特拉省",
    "photographer": "葉吳麗珠"
  },
  {
    "country": "Dominican",
    "title": "多明尼加牙科義診",
    "description": "結合專業的牙醫師，在貧困地區提供牙科診療與衛教保健。",
    "date": "2023.03.11",
    "location": "加聖多明哥河邊區",
    "photographer": "多明尼加聯絡處提供"
  },
  {
    "country": "Dominican",
    "title": "多明尼加牙科義診",
    "description": "贈予牙刷牙膏，鼓勵居民維持良好的口腔衛生習慣。",
    "date": "2023.03.11",
    "location": "加聖多明哥河邊區",
    "photographer": "多明尼加聯絡處提供"
  },
  {
    "country": "Dominican",
    "title": "多明尼加環境教育",
    "description": "志工走入校園推動環保回收，帶動家庭、社會重視環保。",
    "date": "2023.06.01",
    "location": "哥斯大黎加公立學校",
    "photographer": "多明尼加聯絡處提供"
  },
  {
    "country": "Dominican",
    "title": "多明尼加環境教育",
    "description": "贈送環保杯和背包，鼓勵擔任環保小尖兵的學生。",
    "date": "2023.04.27",
    "location": "哥斯大黎加公立學校",
    "photographer": "多明尼加聯絡處提供"
  },
  {
    "country": "Dominican",
    "title": "多明尼加人文教育",
    "description": "慈濟在拉羅馬那貧民區援建學校，讓貧困的孩子有機會接受教育。",
    "date": "2023.07.07",
    "location": "拉羅馬那慈濟中小學",
    "photographer": "多明尼加聯絡處提供"
  },
  {
    "country": "Dominican",
    "title": "多明尼加人文教育",
    "description": "為期兩周的免費夏令營，多元課程豐富孩子們的暑期時光。",
    "date": "2023.07.12",
    "location": "拉羅馬那慈濟中小學",
    "photographer": "多明尼加聯絡處提供"
  },
  {
    "country": "Dominican",
    "title": "多明尼加大米發放",
    "description": "志工至蒙特普拉塔省發放糧食物資，關懷近600戶貧困家庭。",
    "date": "2022.12.18",
    "location": "蒙特普拉塔省",
    "photographer": "多明尼加聯絡處提供"
  },
  {
    "country": "Dominican",
    "title": "多明尼加募心募愛",
    "description": "志工走入人群募愛，鼓勵大眾聚愛行善，幫助苦難人。",
    "date": "2023.02.12",
    "location": "聖多明哥市中國城",
    "photographer": "多明尼加聯絡處提供"
  },
  {
    "country": "Dominican",
    "title": "多明尼加慈濟學校",
    "description": "慈濟相伴20多年，每一年都送來禮物，與師生共度耶誕佳節。",
    "date": "2022.12.08",
    "location": "拉羅馬那慈濟中小學",
    "photographer": "朱瑤琳師姊提供"
  },
  {
    "country": "Dominican",
    "title": "多明尼加募心募愛",
    "description": "師生帶回存滿愛心的撲滿，願送愛給土敘地震的災民。",
    "date": "2023.02.22",
    "location": "拉羅馬那慈濟中小學",
    "photographer": "多明尼加聯絡處提供"
  },
  {
    "country": "St.Maarten",
    "title": "荷屬聖馬丁機構關懷",
    "description": "將愛與溫暖帶入社區，持續服務當地弱勢族群。",
    "date": "2022.03.31",
    "location": "紅十字會麗城老人之家",
    "photographer": "聖馬丁聯絡點提供"
  },
  {
    "country": "St.Maarten",
    "title": "荷屬聖馬丁物資發放",
    "description": "志工來到聖靈降臨日教會，為40戶貧困家庭帶來糧食物資。",
    "date": "2022.06.11",
    "location": "聖靈降臨日教會",
    "photographer": "聖馬丁聯絡點提供"
  },
  {
    "country": "St.Maarten",
    "title": "荷屬聖馬丁物資發放",
    "description": "提供大米、油、豆子等多項食物資糧，緩解弱勢家庭的經濟負擔。",
    "date": "2022.06.11",
    "location": "聖靈降臨日教會",
    "photographer": "聖馬丁聯絡點提供"
  },
  {
    "country": "St.Maarten",
    "title": "荷屬聖馬丁物資發放",
    "description": "志工用柔美的歌聲與手語帶動，溫暖了居民的心。",
    "date": "2022.06.11",
    "location": "聖靈降臨日教會",
    "photographer": "聖馬丁聯絡點提供"
  },
  {
    "country": "St.Maarten",
    "title": "荷屬聖馬丁募心募愛",
    "description": "受助者樂意翻轉手心，讓愛不斷擴大。",
    "date": "2022.06.11",
    "location": "聖靈降臨日教會",
    "photographer": "聖馬丁聯絡點提供"
  },
  {
    "country": "St.Maarten",
    "title": "法屬聖馬丁紓困發放",
    "description": "疫情後不少家庭面臨斷糧危機，志工接獲教會求援，前往發放物資。",
    "date": "2021.07.17",
    "location": "法屬聖馬丁",
    "photographer": "聖馬丁聯絡點提供"
  },
  {
    "country": "St.Maarten",
    "title": "法屬聖馬丁紓困發放",
    "description": "發送100份大米、麵粉與油，幫助貧苦民眾挺過疫情難關。",
    "date": "2021.07.17",
    "location": "法屬聖馬丁",
    "photographer": "聖馬丁聯絡點提供"
  },
  {
    "country": "St.Maarten",
    "title": "法屬聖馬丁紓困發放",
    "description": "許多受助者在接受慈濟的關懷之後，志願投身於助人的工作。",
    "date": "2021.07.17",
    "location": "法屬聖馬丁",
    "photographer": "聖馬丁聯絡點提供"
  },
  {
    "country": "St.Maarten",
    "title": "法屬聖馬丁募心募愛",
    "description": "受惠民眾紛紛投下善款，造福他人。",
    "date": "2021.07.17",
    "location": "法屬聖馬丁",
    "photographer": "聖馬丁聯絡點提供"
  },
  {
    "country": "Haiti",
    "title": "海地大米發放",
    "description": "臺灣農委會外援愛心米，透過慈濟，幫助無數個貧困家庭。",
    "date": "2023.05.21",
    "location": "太子港海地慈濟志業園區",
    "photographer": "凱辛雅"
  },
  {
    "country": "Haiti",
    "title": "海地大米發放",
    "description": "頂著烈陽來領米的居民，耐心地排隊領取發放。",
    "date": "2023.05.21",
    "location": "太子港海地慈濟志業園區",
    "photographer": "凱辛雅"
  },
  {
    "country": "Haiti",
    "title": "海地浴佛典禮",
    "description": "本土志工虔誠禮佛足、接花香，禮敬諸佛。",
    "date": "2023.05.21",
    "location": "萊凱市慈幼修女會綜合學校",
    "photographer": "凱辛雅"
  },
  {
    "country": "Haiti",
    "title": "海地職業培訓",
    "description": "裁縫職訓班結業典禮，完成培訓的婦女能透過一技之長，自力更生。",
    "date": "2022.02.19",
    "location": "拉薩琳區綜合學校職訓中心",
    "photographer": "凱辛雅"
  },
  {
    "country": "Haiti",
    "title": "海地大米發放",
    "description": "發放糧食包、大米予參與浴佛的民眾。",
    "date": "2022.05.15",
    "location": "太子港海地慈濟志業園區",
    "photographer": "凱辛雅"
  },
  {
    "country": "St. Vincent",
    "title": "聖文森火山爆發關懷",
    "description": "物資需跨海送往災區，船老闆給予免運優惠讓物資盡快抵達。",
    "date": "2021.04.26",
    "location": "荷屬聖馬丁",
    "photographer": "朱細芳提供"
  },
  {
    "country": "St. Vincent",
    "title": "聖文森火山爆發關懷",
    "description": "教會志工收到物資後，立即清點整理。",
    "date": "2021.05.04",
    "location": "聖文森",
    "photographer": "朱細芳提供"
  },
  {
    "country": "St. Vincent",
    "title": "聖文森火山爆發關懷",
    "description": "當地志工依慈濟提供的簽收單，協助造冊及確認名單。",
    "date": "2021.05.05",
    "location": "聖文森",
    "photographer": "朱細芳提供"
  },
  {
    "country": "St. Vincent",
    "title": "聖文森火山爆發關懷",
    "description": "避難所裡一無所有，物資援助暫能讓鄉親度過急難階段。",
    "date": "2021.05.05",
    "location": "聖文森",
    "photographer": "朱細芳提供"
  },
  {
    "country": "Honduras",
    "title": "宏都拉斯感恩孝親",
    "description": "孩子認真學習奉茶浴足的儀式，發自內心體會孝道。",
    "date": "2022.05.08",
    "location": "秋省秋露地佳市",
    "photographer": "志工提供"
  },
  {
    "country": "Honduras",
    "title": "宏都拉斯防疫紓困",
    "description": "引導民眾保持社交距離，依序領取物資，落實防疫措施。",
    "date": "2020.04.14",
    "location": "秋省秋露地佳市",
    "photographer": "志工提供"
  },
  {
    "country": "Honduras",
    "title": "宏都拉斯防疫紓困",
    "description": "收到慈濟院捐贈的防疫物資，副院長致贈感謝函。",
    "date": "2020.05.23",
    "location": "秋省秋露地佳市",
    "photographer": "志工提供"
  },
  {
    "country": "Honduras",
    "title": "宏都拉斯防疫紓困",
    "description": "捐贈口罩、隔離衣、呼吸器給老人診所，緩解醫療物資短缺問題。",
    "date": "2020.05.01",
    "location": "秋省馬可比雅市",
    "photographer": "志工提供"
  },
  {
    "country": "Honduras",
    "title": "宏都拉斯浴佛典禮",
    "description": "五校師生共同參與浴佛典禮，學生用心演繹慈濟手語歌曲。",
    "date": "2019.05.19",
    "location": "秋省馬可比雅市",
    "photographer": "志工提供"
  },
  {
    "country": "Honduras",
    "title": "宏都拉斯浴佛典禮",
    "description": "志工發送書包及毯子，勉勵每位上台表演的學生。",
    "date": "2019.05.19",
    "location": "秋省馬可比雅市",
    "photographer": "志工提供"
  },
  {
    "country": "Honduras",
    "title": "宏都拉斯醫療義診",
    "description": "人醫會與志工為當地貧病居民進行六科別的完善醫療服務。",
    "date": "2018.6.10",
    "location": "德古西加巴市蘇雅白",
    "photographer": "志工提供"
  },
  {
    "country": "Puerto Rico",
    "title": "波多黎各颶風關懷",
    "description": "再次前往颶風登陸處勘察，事隔一年依舊可見殘破的房屋。",
    "date": "2018.09.12",
    "location": "聖胡安",
    "photographer": "黃友彬"
  },
  {
    "country": "Puerto Rico",
    "title": "波多黎各颶風關懷",
    "description": "與美國聯邦緊急事務管理署及紅十字會，針對災後重建討論賑災計畫。",
    "date": "2018.01.24 ",
    "location": "聖胡安",
    "photographer": "美國總會提供"
  },
  {
    "country": "Puerto Rico",
    "title": "波多黎各颶風關懷",
    "description": "為災民送上毛毯和現值卡，針對無電可用的偏遠地區提供太陽能燈泡。",
    "date": "2018.01.24",
    "location": "聖胡安",
    "photographer": "美國總會提供"
  },
  {
    "country": "Puerto Rico",
    "title": "波多黎各颶風關懷",
    "description": "波多黎各大學學生主動幫忙打包物資，也協助翻譯與災民訪談。",
    "date": "2018.12.22",
    "location": "巴阿蒙胡安拉蒙自由體育館",
    "photographer": "黃友彬"
  },
  {
    "country": "Puerto Rico",
    "title": "波多黎各颶風關懷",
    "description": "教會學校被颶風摧毀未完全修復，校方仍慷慨出借空間提供發放。",
    "date": "2018.12.21",
    "location": "滿納保滿納保教會學校",
    "photographer": "黃友彬"
  },
  {
    "country": "Puerto Rico",
    "title": "波多黎各颶風關懷",
    "description": "不間斷的關懷，為災難過後帶來希望。",
    "date": "2018.12.20",
    "location": "聖胡安",
    "photographer": "黃友彬"
  },
  {
    "country": "Puerto Rico",
    "title": "波多黎各颶風關懷",
    "description": "志工以歌曲帶動等候領取物資的民眾。",
    "date": "2018.12.20",
    "location": "瓜那保市",
    "photographer": "黃友彬"
  },
  {
    "country": "Puerto Rico",
    "title": "波多黎各颶風關懷",
    "description": "志工邀請居民作手心向下的布施者，體會助人的快樂。",
    "date": "2018.01.24",
    "location": "聖胡安",
    "photographer": "美國總會提供"
  },
  {
    "country": "El Salvador",
    "title": "薩爾瓦多大愛村",
    "description": "大愛村建後已十多年，屋頂大多已損壞，志工協助弱勢家庭更換。",
    "date": "2017.11.18",
    "location": "自由省薩卡哥友慈濟大愛一村",
    "photographer": "李翠玲"
  },
  {
    "country": "El Salvador",
    "title": "薩爾瓦多大愛村",
    "description": "送上環保毛毯，感恩發心幫忙弱勢家庭更換屋頂的志工們。",
    "date": "2017.11.18",
    "location": "自由省薩卡哥友慈濟大愛一村",
    "photographer": "李翠玲"
  },
  {
    "country": "El Salvador",
    "title": "薩爾瓦多大愛村",
    "description": "薩卡哥友大愛一村舉辦歲末祝福感恩會，大家手捧心燈虔誠祈禱。",
    "date": "2017.11.18",
    "location": "自由省薩卡哥友慈濟大愛一村",
    "photographer": "李翠玲"
  },
  {
    "country": "El Salvador",
    "title": "薩爾瓦多大愛村",
    "description": "社區志工用心打掃環境，帶動居民維護家園。",
    "date": "2017.11.18",
    "location": "自由省薩卡哥友慈濟大愛一村",
    "photographer": "李翠玲"
  },
  {
    "country": "El Salvador",
    "title": "薩爾瓦多扶困助學",
    "description": "發放獎學金予優良學生，鼓勵貧困學子安心就學。",
    "date": "2017.11.18",
    "location": "自由省薩卡哥友慈濟大愛一村",
    "photographer": "李翠玲"
  },
  {
    "country": "El Salvador",
    "title": "薩爾瓦多募心募愛",
    "description": "人人啟善心、日日存好念，涓涓細流，匯合起來就可以助人。",
    "date": "2017.05.28",
    "location": "薩爾瓦多聖薩爾瓦多省",
    "photographer": "李翠玲"
  },
  {
    "country": "Nicaragua",
    "title": "尼加拉瓜颶風關懷",
    "description": "志工至垃圾山勘察，孩子們在垃圾堆裡找尋可變賣的物品。",
    "date": "1999.02.05 ",
    "location": "馬納瓜省馬納瓜",
    "photographer": "李曉雯"
  },
  {
    "country": "Nicaragua",
    "title": "尼加拉瓜颶風關懷",
    "description": "慈濟發起募衣活動，短短9天募集到60個貨櫃，約360萬件的舊衣。",
    "date": "1998.11.29",
    "location": "台北",
    "photographer": "花蓮本會提供"
  },
  {
    "country": "Nicaragua",
    "title": "尼加拉瓜颶風關懷",
    "description": "全省共設有65個回收點，將民眾的愛心飄洋過海到災民手中。",
    "date": "1998.11.29",
    "location": "台北市信義區",
    "photographer": "林鳳琪"
  },
  {
    "country": "Nicaragua",
    "title": "尼加拉瓜颶風關懷",
    "description": "1999年元月運抵中美洲，災民列隊依序領取物資。",
    "date": "1999.02.05",
    "location": "馬納瓜省馬納瓜",
    "photographer": "李曉雯"
  },
  {
    "country": "Nicaragua",
    "title": "尼加拉瓜颶風關懷",
    "description": "捐贈儀式，將捐贈12個貨櫃的衣服給卡瑞塔斯天主教會。",
    "date": "1999.02.05",
    "location": "馬納瓜省馬納瓜",
    "photographer": "李曉雯"
  },
  {
    "country": "Nicaragua",
    "title": "尼加拉瓜颶風關懷",
    "description": "一疊衣服親自送到災民手中，孩子高興地直喊謝謝。",
    "date": "1999.02.05",
    "location": "馬納瓜省馬納瓜",
    "photographer": "李曉雯"
  },
  {
    "country": "Costa Rica",
    "title": "哥斯大黎加人文課程",
    "description": "透過靜思語教學教授華語，同時為孩子建立良善的品德。",
    "date": "2010.08.20",
    "location": "里蒙大學附設中文班",
    "photographer": "廖純惠提供"
  },
  {
    "country": "Costa Rica",
    "title": "哥斯大黎加水災關懷",
    "description": "災後隨即展開發放，提供食糧、毛毯、牙刷和肥皂等各項生活物資。",
    "date": "2010.01.17",
    "location": "Guapiles",
    "photographer": "廖純惠"
  },
  {
    "country": "Costa Rica",
    "title": "哥斯大黎加水災關懷",
    "description": "及時的援助，幫助災民度過急難階段。",
    "date": "2010.01.17",
    "location": "Guapiles",
    "photographer": "廖純惠"
  },
  {
    "country": "Costa Rica",
    "title": "哥斯大黎加物資發放",
    "description": "將寶特瓶回收後，再生製成環保毛毯，送往全球各地賑災。",
    "date": "2010.02.06",
    "location": "聖荷西聖彼得區",
    "photographer": "廖純惠提供"
  },
  {
    "country": "Chile",
    "title": "智利水災關懷",
    "description": "暴雨引發嚴重水患，志工接獲求援，即刻整備紓困物資，展開發放。",
    "date": "2023.07.30",
    "location": "利坎滕市普拉西拉鎮",
    "photographer": "廖欽久"
  },
  {
    "country": "Chile",
    "title": "智利水災關懷",
    "description": "在利坎滕三個受災最嚴重的鄉鎮，分別送來食物和清潔用品。",
    "date": "2023.07.30",
    "location": "利坎滕市安戈斯塔鎮",
    "photographer": "廖欽久"
  },
  {
    "country": "Chile",
    "title": "智利募心募愛",
    "description": "居民感謝慈濟的伸援，紛紛投下善款，讓這分愛不斷擴大。",
    "date": "2023.07.30",
    "location": "利坎滕市安戈斯塔鎮",
    "photographer": "智利聯絡點提供"
  },
  {
    "country": "Chile",
    "title": "智利眼科義診",
    "description": "慈濟人醫會與眼鏡公司合作，為弱勢學生提供驗光與配鏡服務。",
    "date": "2023.06.11",
    "location": "聖地牙哥省普羅維登西亞",
    "photographer": "智利聯絡點提供"
  },
  {
    "country": "Chile",
    "title": "智利物資發放",
    "description": "南半球進入秋冬季節，志工為弱勢家庭的孩子帶來點心與禦寒衣物。",
    "date": "2023.05.18",
    "location": "考克內斯鎮",
    "photographer": "智利聯絡點提供"
  },
  {
    "country": "Chile",
    "title": "智利物資發放",
    "description": "多項食物資糧，陪伴每一戶家庭溫暖度過寒冬。",
    "date": "2023.05.28",
    "location": "聖地牙哥省拉格蘭哈",
    "photographer": "智利聯絡點提供"
  },
  {
    "country": "Chile",
    "title": "智利機構關懷",
    "description": "志工送來台商捐贈的運動鞋，關懷收容所的遊民朋友。",
    "date": "2023.03.30",
    "location": "馬伊波省聖貝爾納多市",
    "photographer": "聖地牙哥聯絡處提供"
  },
  {
    "country": "Chile",
    "title": "智利機構關懷",
    "description": "捐贈乾果及物資予青少年殘障協會，讓孩子透過分裝、販售，自力更生。",
    "date": "2023.03.30",
    "location": "聖地牙哥省基利庫拉市",
    "photographer": "智利聯絡點提供"
  },
  {
    "country": "Chile",
    "title": "智利火災關懷",
    "description": "致贈鋤頭、十字鎬、鋸子等工具，協助災民重建毀損的家園。",
    "date": "2023.04.22",
    "location": "奧比奧省聖胡安娜市",
    "photographer": "智利聯絡點提供"
  },
  {
    "country": "Chile",
    "title": "智利募心募愛",
    "description": "志工虔誠募愛，一次次地彎腰感恩，獲得許多人善意回應。",
    "date": "2023.06.11",
    "location": "普羅維登西亞市",
    "photographer": "智利聯絡點提供"
  },
  {
    "country": "Argentina",
    "title": "阿根廷冬令發放",
    "description": "南半球寒冬來襲，志工為奇爾美市魯漢村的照顧戶舉辦冬令發放。",
    "date": "2023.06.18",
    "location": "布宜諾斯艾利斯省奇爾美士市",
    "photographer": "陳斐君"
  },
  {
    "country": "Argentina",
    "title": "阿根廷冬令發放",
    "description": "發放採登記造冊，透過領取單，讓愛的贈予更加確實",
    "date": "2023.06.18",
    "location": "布宜諾斯艾利斯省奇爾美士市",
    "photographer": "陳斐君"
  },
  {
    "country": "Argentina",
    "title": "阿根廷冬令發放",
    "description": "居民在冬日的暖陽下排隊等候，期盼可以溫飽一家的物資。",
    "date": "2023.06.18",
    "location": "布宜諾斯艾利斯省奇爾美士市",
    "photographer": "陳斐君"
  },
  {
    "country": "Argentina",
    "title": "阿根廷募心募愛",
    "description": "受助者紛紛投下一念善心，延續愛的循環。",
    "date": "2023.06.18",
    "location": "布宜諾斯艾利斯省奇爾美士市",
    "photographer": "陳斐君"
  },
  {
    "country": "Argentina",
    "title": "阿根廷醫材捐贈",
    "description": "捐贈90套手術衣予博爾松醫院，讓偏遠山區有更好的醫療品質。",
    "date": "2023.06.08",
    "location": "黑河省博爾松醫院",
    "photographer": "鍾貴滿"
  },
  {
    "country": "Argentina",
    "title": "阿根廷社區愛灑",
    "description": "人人虔誠祈禱，願善與愛的正面力量，讓世間無災無難。",
    "date": "2023.06.08",
    "location": "黑河省博爾松醫院",
    "photographer": "鍾貴滿"
  },
  {
    "country": "Argentina",
    "title": "阿根廷文具發放",
    "description": "為低收入家庭發放文具用品，鼓勵孩子安心向學。",
    "date": "2022.02.26",
    "location": "布宜諾斯艾利斯省",
    "photographer": "鍾貴滿"
  },
  {
    "country": "Argentina",
    "title": "阿根廷物資發放",
    "description": "志工帶來廚房物資、文具用品至當地家扶中心，一同關懷弱勢家庭。",
    "date": "2022.04.19",
    "location": "布宜諾斯艾利斯省",
    "photographer": "鍾貴滿"
  },
  {
    "country": "Argentina",
    "title": "阿根廷物資發放",
    "description": "志工與領取者相互行禮，表達彼此的尊重與感恩。",
    "date": "2022.04.19",
    "location": "布宜諾斯艾利斯省",
    "photographer": "鍾貴滿"
  },
  {
    "country": "Argentina",
    "title": "阿根廷募心募愛",
    "description": "儘管生活有難，居民仍希望貢獻微薄之力，讓這分愛不斷擴大。",
    "date": "2022.04.19",
    "location": "布宜諾斯艾利斯省",
    "photographer": "鍾貴滿"
  },
  {
    "country": "Paraguay",
    "title": "巴拉圭冬令發放",
    "description": "原住民部落因地處偏遠，資源匱乏，志工定期來訪，幫助在地貧苦人士。",
    "date": "2023.07.23",
    "location": "加蓮地印第安村慈濟希望小學",
    "photographer": "孫雷鳴"
  },
  {
    "country": "Paraguay",
    "title": "巴拉圭冬令發放",
    "description": "每一戶領到15公斤的食物、果樹與種子，補給需要的營養。",
    "date": "2023.07.23",
    "location": "加蓮地印第安村慈濟希望小學",
    "photographer": "孫雷鳴"
  },
  {
    "country": "Paraguay",
    "title": "巴拉圭冬令發放",
    "description": "趕在開學日前，也為慈濟希望小學換上全新的木門。",
    "date": "2023.07.23",
    "location": "加蓮地印第安村慈濟希望小學",
    "photographer": "孫雷鳴"
  },
  {
    "country": "Paraguay",
    "title": "巴拉圭冬令發放",
    "description": "志工透過遊戲、團康帶動靦腆的原住民小朋友。",
    "date": "2023.07.23",
    "location": "加蓮地印第安村慈濟希望小學",
    "photographer": "孫雷鳴"
  },
  {
    "country": "Paraguay",
    "title": "巴拉圭冬令發放",
    "description": "拿到新的足球，學生高興地展現足上技藝。",
    "date": "2023.07.23",
    "location": "加蓮地印第安村慈濟希望小學",
    "photographer": "孫雷鳴"
  },
  {
    "country": "Paraguay",
    "title": "巴拉圭冬令發放",
    "description": "在與世無爭的原住民區，孩子嘗著志工準備的點心，分外幸福的甜蜜滋味。",
    "date": "2023.07.23",
    "location": "加蓮地印第安村慈濟希望小學",
    "photographer": "孫雷鳴"
  },
  {
    "country": "Paraguay",
    "title": "巴拉圭募心募愛",
    "description": "儘管經濟拮据，居民仍量力而為捐出善款，造福他人。",
    "date": "2023.07.23",
    "location": "加蓮地印第安村慈濟希望小學",
    "photographer": "孫雷鳴"
  },
  {
    "country": "Paraguay",
    "title": "巴拉圭機構關懷",
    "description": "志工帶著紓困物資、愛心禮物，關懷住院安養的老人家。",
    "date": "2023.06.25",
    "location": "東方市聖奧古斯丁老人院",
    "photographer": "蔡奇如"
  },
  {
    "country": "Paraguay",
    "title": "巴拉圭機構關懷",
    "description": "一系列團康活動，給老人院帶來活力與朝氣。 ",
    "date": "2023.06.25",
    "location": "東方市聖奧古斯丁老人院",
    "photographer": "蔡奇如"
  },
  {
    "country": "Paraguay",
    "title": "巴拉圭機構關懷",
    "description": "志工為每一位長者戴上保暖冬帽，溫馨之情流淌在每個角落。",
    "date": "2023.06.25",
    "location": "東方市聖奧古斯丁老人院",
    "photographer": "蔡奇如"
  },
  {
    "country": "Ecuador",
    "title": "厄瓜多紓困發放",
    "description": "志工和志願者跟著物資運送車，越過山頭深入偏鄉發放糧食。",
    "date": "2023.03.30",
    "location": "曼納比省卡諾亞",
    "photographer": "厄瓜多志工提供"
  },
  {
    "country": "Ecuador",
    "title": "厄瓜多紓困發放",
    "description": "足夠的資糧為愁眉不展的鄉親，帶來了笑容。",
    "date": "2023.03.30",
    "location": "多曼納比省維和港",
    "photographer": "厄瓜多志工提供"
  },
  {
    "country": "Ecuador",
    "title": "厄瓜多募心募愛",
    "description": "居民紛紛投下一個銅板，一念愛心，涓涓細流，匯合起來就可以助人。",
    "date": "2023.02.11",
    "location": "曼納比省卡諾亞",
    "photographer": "厄瓜多志工提供"
  },
  {
    "country": "Ecuador",
    "title": "厄瓜多紓困發放",
    "description": "當地志願者彎腰鞠躬，將手中的糧食包恭敬地交給需要的人。",
    "date": "2023.03.29",
    "location": "曼納比省卡諾亞",
    "photographer": "厄瓜多志工提供"
  },
  {
    "country": "Ecuador",
    "title": "厄瓜多弱勢助學",
    "description": "志工成立課輔班，陪伴弱勢家庭的孩子學習成長。",
    "date": "2022.11.12",
    "location": "曼納比省卡諾亞",
    "photographer": "厄瓜多志工提供"
  },
  {
    "country": "Ecuador",
    "title": "厄瓜多紓困發放",
    "description": "疫情令赤貧家庭陷入更深的危機，志工動員社區居民，推動定期食物袋發放。",
    "date": "2022.12.14",
    "location": "曼納比省卡諾亞",
    "photographer": "厄瓜多志工提供"
  },
  {
    "country": "Ecuador",
    "title": "厄瓜多紓困發放",
    "description": "從2020年4月開始，持續在不同的城鎮據點發放，陪伴大家度過疫情難關。",
    "date": "2022.12.14",
    "location": "曼納比省卡諾亞",
    "photographer": "厄瓜多志工提供"
  },
  {
    "country": "Ecuador",
    "title": "厄瓜多紓困發放",
    "description": "耶誕前夕，家家戶戶領到需要的物資，興高采烈地回家",
    "date": "2022.12.14",
    "location": "曼納比省卡諾亞",
    "photographer": "厄瓜多志工提供"
  },
  {
    "country": "Ecuador",
    "title": "厄瓜多社區愛灑",
    "description": "2016年強震後，慈濟重建當地的信仰中心卡諾亞教堂。",
    "date": "2022.12.15",
    "location": "曼納比省卡諾亞",
    "photographer": "厄瓜多志工提供"
  },
  {
    "country": "Ecuador",
    "title": "厄瓜多社區愛灑",
    "description": "2016強震過後，志工接力勘災與訪視，帶動出許多發心的本土志工。",
    "date": "2022.12.14",
    "location": "曼納比省卡諾亞",
    "photographer": "厄瓜多志工提供"
  },
  {
    "country": "Ecuador",
    "title": "厄瓜多募心募愛",
    "description": "居民帶回存滿愛心的竹筒撲滿，點滴倒入愛心甕中。",
    "date": "2022.12.14",
    "location": "曼納比省卡諾亞",
    "photographer": "厄瓜多志工提供"
  },
  {
    "country": "Brazil",
    "title": "巴西醫療義診",
    "description": "疫情後重啟社區義診，提供眼科、牙科、婦產科等九個科別醫療服務。",
    "date": "2023.07.16",
    "location": "巴西聯絡處",
    "photographer": "劉如珠"
  },
  {
    "country": "Brazil",
    "title": "巴西醫療義診",
    "description": "因地制宜的義診模式，為許多貧病患者解除身心的苦楚。  ",
    "date": "2023.07.16",
    "location": "巴西聯絡處",
    "photographer": "劉如珠"
  },
  {
    "country": "Brazil",
    "title": "巴西水災關懷",
    "description": "豪雨引發土石流，志工滿載著關懷物資，前往災區送愛。",
    "date": "2022.03.27",
    "location": "聖保羅省",
    "photographer": "劉如珠"
  },
  {
    "country": "Brazil",
    "title": "巴西水災關懷",
    "description": "兩場物資發放，幫助118戶家庭緩解困境。",
    "date": "2022.03.27",
    "location": "聖保羅省",
    "photographer": "劉如珠"
  },
  {
    "country": "Brazil",
    "title": "巴西醫療講座",
    "description": "舉辦醫療、健康講座，傳遞正確衛教知識，促進民眾自主健康管理。",
    "date": "2022.03.20",
    "location": "保羅省可地亞市小園地小學",
    "photographer": "陳守永"
  },
  {
    "country": "Brazil",
    "title": "巴西防疫紓困",
    "description": "疫情下，全球飢餓問題更為嚴重，志工在地採購糧食，贈與需要的民眾。",
    "date": "2021.09.23 ",
    "location": "巴拉那省福斯市",
    "photographer": "莊密余"
  },
  {
    "country": "Brazil",
    "title": "巴西防疫紓困",
    "description": "及時的物資，幫助許多家庭度過生活難關。",
    "date": "2021.10.24",
    "location": "聖保羅省伊塔夸克賽圖巴市",
    "photographer": "劉如珠"
  },
  {
    "country": "Bolivia",
    "title": "玻利維亞防疫紓困",
    "description": "志工送來糧食物資，減輕弱勢家庭在疫情間的生活負擔。",
    "date": "2021.06.13",
    "location": "聖塔克魯茲省波隆哥",
    "photographer": "謝楨祥師兄提供"
  },
  {
    "country": "Bolivia",
    "title": "玻利維亞防疫紓困",
    "description": "發放前，志工向大眾表達慈濟精神及捐助來自各界的愛心。",
    "date": "2021.05.26",
    "location": "聖塔克魯茲省波隆哥",
    "photographer": "謝楨祥師兄提供"
  },
  {
    "country": "Bolivia",
    "title": "玻利維亞防疫紓困",
    "description": "每戶都能拿到麵粉、米、義大利麵、油等共37公斤的糧食物資。",
    "date": "2021.05.26",
    "location": "聖塔克魯茲省波隆哥",
    "photographer": "謝楨祥師兄提供"
  },
  {
    "country": "Bolivia",
    "title": "玻利維亞防疫紓困",
    "description": "志工引領社區代表向居民相互行禮，互道感恩。",
    "date": "2021.06.02",
    "location": "聖塔克魯茲省波隆哥",
    "photographer": "謝楨祥師兄提供"
  },
  {
    "country": "Bolivia",
    "title": "玻利維亞防疫紓困",
    "description": "疫情期間送愛不間斷，居民滿載著豐盛的物資準備返家。",
    "date": "2021.05.26",
    "location": "聖塔克魯茲省波隆哥",
    "photographer": "謝楨祥師兄提供"
  },
  {
    "country": "Venezuela",
    "title": "委內瑞拉訪視關懷",
    "description": "在志工的鼓勵下，許多人投身參與訪貧，幫助在地的貧苦人士。",
    "date": "2018.01.11",
    "location": "拉臘州基沃爾",
    "photographer": "吳冉云提供"
  },
  {
    "country": "Venezuela",
    "title": "委內瑞拉訪視關懷",
    "description": "透過每月家訪關懷與生活補助，讓弱勢家庭回歸生活正軌。",
    "date": "2018.01.11",
    "location": "拉臘州基沃爾",
    "photographer": "吳冉云提供"
  },
  {
    "country": "Venezuela",
    "title": "委內瑞拉物資發放",
    "description": "通貨膨脹使糧食嚴重短缺，志工前往療養院致贈物資。",
    "date": "2018.08.25",
    "location": "拉臘州基沃爾",
    "photographer": "吳冉云提供"
  },
  {
    "country": "Venezuela",
    "title": "委內瑞拉物資發放",
    "description": "發放前，志工依照名冊協助受惠者登記入場。",
    "date": "2017.05.14",
    "location": "拉臘州基沃爾",
    "photographer": "吳冉云提供"
  },
  {
    "country": "Venezuela",
    "title": "委內瑞拉物資發放",
    "description": "志工拜訪貧民區學校，為瀕臨斷糧的家庭致贈糧食物資。",
    "date": "2016.05.24",
    "location": "拉臘州基沃爾",
    "photographer": "吳冉云提供"
  },
  {
    "country": "Peru",
    "title": "秘魯地震援助",
    "description": "40名來自美國、阿根廷、巴拉圭和秘魯的慈濟志工合力籌備發放事宜。",
    "date": "2007.10.20",
    "location": "利馬省卡尼特市",
    "photographer": "林美雪/陳清旺"
  },
  {
    "country": "Peru",
    "title": "秘魯地震援助",
    "description": "志工在皮斯卡市、伊卡市及卡尼特市展開生活物資發放。",
    "date": "2007.10.20",
    "location": "利馬省卡尼特市",
    "photographer": "林美雪"
  },
  {
    "country": "Peru",
    "title": "秘魯地震援助",
    "description": "評估災民的需求，發放禦寒用的床墊、毛毯和防雨布等物資。",
    "date": "2007.10.20",
    "location": "利馬省卡尼特市",
    "photographer": "陳清旺"
  },
  {
    "country": "Peru",
    "title": "秘魯地震援助",
    "description": "災民主動前來支援慈濟的發放行動，與志工彼此互道感恩。",
    "date": "2007.10.20",
    "location": "利馬省卡尼特市",
    "photographer": "陳清旺"
  },
  {
    "country": "Peru",
    "title": "秘魯地震援助",
    "description": "連續兩日發放，幫助約三千戶家庭暫時渡過災後生活困頓的窘境。",
    "date": "2007.10.20",
    "location": "利馬省卡尼特市",
    "photographer": "林美雪/陳清旺"
  },
  {
    "country": "Peru",
    "title": "秘魯地震援助",
    "description": "親手布施傳遞關懷，這分真誠無私的愛深入居民的心中。",
    "date": "2007.10.20",
    "location": "利馬省卡尼特市",
    "photographer": "林美雪"
  },
  {
    "country": "Colombia",
    "title": "哥倫比亞震災援助",
    "description": "震後，亞美尼亞市和卡拉卡市近85%以上的建築物全毀或半毀。",
    "date": "1999.01.29-31",
    "location": "亞美尼亞市",
    "photographer": "林孔龍"
  },
  {
    "country": "Colombia",
    "title": "哥倫比亞震災援助",
    "description": "慈濟勘災團隊與紅十字會規劃災後的援助行動。",
    "date": "1999.02",
    "location": "哥倫比亞",
    "photographer": "陶凱倫"
  },
  {
    "country": "Colombia",
    "title": "哥倫比亞震災援助",
    "description": "克服地域、語言及災後交通等各項困難，在災後一個月內完成緊急物資發放。",
    "date": "1999.01.29-31",
    "location": "哥倫比亞",
    "photographer": "林孔龍"
  },
  {
    "country": "Colombia",
    "title": "哥倫比亞震災援助",
    "description": "針對重點災區發放8700份食品，供當地居民兩個月生活所需。",
    "date": "1999.02",
    "location": "哥倫比亞",
    "photographer": "陶凱倫"
  },
  {
    "country": "Colombia",
    "title": "哥倫比亞震災援助",
    "description": "志工又唱又跳，熱情的互動與災區的孩子打成一片。",
    "date": "1999.02.23",
    "location": "哥倫比亞",
    "photographer": "陳月女"
  }
]
