[
    {
        "country": "Morocco",
        "title": "摩洛哥震災援助",
        "description": "慈濟在摩洛哥無志工協助，委由舊德協會在地採購籌備發放。",
        "date": "2023.11.11",
        "location": "馬拉喀什",
        "photographer": "宗教處提供"
    },
    {
        "country": "Morocco",
        "title": "摩洛哥震災援助",
        "description": "從11月8日起啟動賑災發放，預計有6000戶家庭受惠。",
        "date": "2023.11.16",
        "location": "阿古阿提姆",
        "photographer": "宗教處提供"
    },
    {
        "country": "Morocco",
        "title": "摩洛哥震災援助",
        "description": "居民等待核對身分，期盼可以溫飽一家的物資。",
        "date": "2023.11.18",
        "location": "阿古阿提姆",
        "photographer": "宗教處提供"
    },
    {
        "country": "Morocco",
        "title": "摩洛哥震災援助",
        "description": "協會人員用穆斯林禮儀以手擺胸前，恭敬地為災民送上物資。",
        "date": "2023.11.16",
        "location": "阿古阿提姆",
        "photographer": "宗教處提供"
    },
    {
        "country": "Morocco",
        "title": "摩洛哥震災援助",
        "description": "家家戶戶領到需要的物資，興高采烈地回家。",
        "date": "2023.11.16",
        "location": "阿古阿提姆",
        "photographer": "宗教處提供"
    },
    {
        "country": "Morocco",
        "title": "摩洛哥震災援助",
        "description": "五人以上的大家庭，能領到近90公斤的糧食及一份衛生包及毛毯。",
        "date": "2023.11.18",
        "location": "阿古阿提姆",
        "photographer": "宗教處提供"
    },
    {
        "country": "Morocco",
        "title": "摩洛哥震災援助",
        "description": "期待災民能在愛的陪伴下，逐漸淡忘失去至親的痛，恢復往日生活。",
        "date": "2023.11.18",
        "location": "阿古阿提姆",
        "photographer": "宗教處提供"
    },
    {
        "country": "South Africa",
        "title": "南非冬令發放",
        "description": "約堡罕見出現降雪，志工籌備過冬物資，關懷貧民區的住民及街友。",
        "date": "2023.07.08",
        "location": "豪登省普林洛斯",
        "photographer": "南非分會提供"
    },
    {
        "country": "South Africa",
        "title": "南非冬令發放",
        "description": "接連三次的冬令發放，幫助900戶家庭溫暖度過嚴冬。",
        "date": "2023.07.08",
        "location": "豪登省普林洛斯",
        "photographer": "南非分會提供"
    },
    {
        "country": "South Africa",
        "title": "南非募心募愛",
        "description": "受助者在感動之餘，紛紛投下一念善心，讓這分愛不斷擴大。",
        "date": "2023.07.08",
        "location": "豪登省普林洛斯",
        "photographer": "南非分會提供"
    },
    {
        "country": "South Africa",
        "title": "南非社區供食",
        "description": "志工在南非設立250多處供食站，就近照顧孤兒與貧病的孩童。",
        "date": "2022.07.02",
        "location": "姆普馬蘭加省曼喬羅",
        "photographer": "史瓦帝尼志工提供"
    },
    {
        "country": "South Africa",
        "title": "南非社區供食",
        "description": "將熱食一一送自孩子手中，讓這份溫暖傳遞給大家享用。",
        "date": "2022.07.01",
        "location": "姆普馬蘭加省曼喬羅",
        "photographer": "史瓦帝尼志工提供"
    },
    {
        "country": "South Africa",
        "title": "南非訪視關懷",
        "description": "深入社區走訪關懷，幫助在地的貧苦人士。",
        "date": "2022.07.30",
        "location": "東開普省札奇雷",
        "photographer": "南非志工提供"
    },
    {
        "country": "South Africa",
        "title": "南非社區愛灑",
        "description": "志工集思廣益，討論如何運用靜思語童書傳達慈濟人文精神。",
        "date": "2022.07.30",
        "location": "東開普省札奇雷",
        "photographer": "南非志工提供"
    },
    {
        "country": "South Africa",
        "title": "南非訪視關懷",
        "description": "史瓦帝尼志工來到南非邊境部落逐戶訪查，也給予必要協助。",
        "date": "2022.07.02",
        "location": "姆普馬蘭加省曼喬羅",
        "photographer": "史瓦帝尼志工提供"
    },
    {
        "country": "South Africa",
        "title": "南非機構關懷",
        "description": "志工、慈青陪伴行動不便的院友走出戶外，一起遊戲和踏青。",
        "date": "2022.07.09",
        "location": "約堡UCPA腦性麻痺中心",
        "photographer": "蔡凱帆"
    },
    {
        "country": "Mozambique",
        "title": "莫三比克水災關懷",
        "description": "強降雨引發洪水，志工走訪受災村里，評估後續援助。",
        "date": "2023.03.14",
        "location": "索法拉省雅瑪郡",
        "photographer": "Dario Nhacale"
    },
    {
        "country": "Mozambique",
        "title": "莫三比克水災關懷",
        "description": "在重災區博阿內區、馬普托市、馬尼卡區，展開多梯次糧食包發放。",
        "date": "2023.03.07",
        "location": "克馬普托省博阿內區",
        "photographer": "Charles Jose Carlos"
    },
    {
        "country": "Mozambique",
        "title": "莫三比克水災關懷",
        "description": "接連幾日，志工持續調度物資送往災區，克服困難盡力達陣。",
        "date": "2023.02.27",
        "location": "克馬普托市",
        "photographer": "Charles Jose Carlos"
    },
    {
        "country": "Mozambique",
        "title": "莫三比克水災關懷",
        "description": "考量災民的需求發放糧食、淨水藥劑、建材及種籽農具。",
        "date": "2023.03.18",
        "location": "馬普托省曼希薩區",
        "photographer": "Charles Jose Carlos"
    },
    {
        "country": "Mozambique",
        "title": "莫三比克水災關懷",
        "description": "物資如及時雨讓他們免於飢餓，並能夠重新農作，改善生活。",
        "date": "2023.02.27",
        "location": "克馬普托市",
        "photographer": "Charles Jose Carlos"
    },
    {
        "country": "Mozambique",
        "title": "莫三比克水災關懷",
        "description": "志工分組駐守在不同的收容中心，用靜思語安定人心。",
        "date": "2023.03.17",
        "location": "馬普托省曼希薩區",
        "photographer": "Charles Jose Carlos"
    },
    {
        "country": "Mozambique",
        "title": "莫三比克社區供食",
        "description": "透過臺灣愛心白米、自種蔬菜帶動社區供食，照顧貧苦孤兒。",
        "date": "2023.06.30",
        "location": "莫三比克聯絡處",
        "photographer": "蔡睿和"
    },
    {
        "country": "Mozambique",
        "title": "莫三比克社區供食",
        "description": "包含豆子、蔬菜、木薯葉醬、白米飯等豐盛料理，讓社區長者吃到滿滿的心意",
        "date": "2023.07.13",
        "location": "馬普托社區",
        "photographer": "蔡睿和"
    },
    {
        "country": "Mozambique",
        "title": "莫三比克援建學校",
        "description": "伊代風災後，慈濟援建三所小學，給孩子一個安全的學習環境。",
        "date": "2023.05.29",
        "location": "索法拉省雅瑪郡庫拉小學",
        "photographer": "蔡睿和"
    },
    {
        "country": "Mozambique",
        "title": "莫三比克校園愛灑",
        "description": "志工為索法拉省10所學校慶祝兒童節，豐富的活動讓孩子展露燦爛笑容。",
        "date": "2023.06.01",
        "location": "索法拉省雅瑪郡",
        "photographer": "Charles Jose Carlos"
    },
    {
        "country": "Mozambique",
        "title": "莫三比克大愛農場",
        "description": "志工在馬布多和梅圖希拉兩座農場輪班耕作，收成嘉惠村鎮貧苦人家。",
        "date": "2022.10.08",
        "location": "索法拉省梅圖希拉",
        "photographer": "Dario Nhacale"
    },
    {
        "country": "Mozambique",
        "title": "莫三比克訪視關懷",
        "description": "走訪梅圖希拉鎮的貧中之貧，挨家挨戶送上收穫飽滿的地瓜。",
        "date": "2022.10.08",
        "location": "索法拉省梅圖希拉",
        "photographer": "Dario Nhacale"
    },
    {
        "country": "Zimbabwe",
        "title": "辛巴威募心募愛",
        "description": "志工為土敘強震募集愛心，眾人樂於付出小小心意。",
        "date": "2023.02.09",
        "location": "東馬紹納蘭省多卜沙巴",
        "photographer": "Hlengisile Jiyane"
    },
    {
        "country": "Zimbabwe",
        "title": "辛巴威社區供食",
        "description": "為解決斷糧危機，志工定期發放大米，也在需要的社區設立供食據點。",
        "date": "2023.03.07",
        "location": "西馬紹納蘭省蒙多羅",
        "photographer": "Hlengisile Jiyane"
    },
    {
        "country": "Zimbabwe",
        "title": "辛巴威社區供食",
        "description": "社區供食計畫改善當地孩童飢餓、營養不良的狀況。",
        "date": "2022.11.26",
        "location": "西馬紹納蘭省蒙多羅",
        "photographer": "Hlengisile Jiyane"
    },
    {
        "country": "Zimbabwe",
        "title": "辛巴威水井援建",
        "description": "乾旱影響農糧欠收，志工深入鄉間鑿井與修復，進而教導種植、引水灌溉。",
        "date": "2022.11.16",
        "location": "馬斯溫戈省",
        "photographer": "辛巴威聯絡處提供"
    },
    {
        "country": "Zimbabwe",
        "title": "辛巴威慈善理髮",
        "description": "許多孩子感染頭癬，志工號召理髮師走入校園，為孩子理髮、投藥。",
        "date": "2022.10.29",
        "location": "西馬紹納蘭省蒙多羅",
        "photographer": "朱金財師兄提供"
    },
    {
        "country": "Zimbabwe",
        "title": "辛巴威慈善理髮",
        "description": "2022年10月到2023年2月間，進行八場慈善理髮，受惠人次達9236人。",
        "date": "2023.02.09",
        "location": "東馬紹納蘭省多卜沙巴",
        "photographer": "朱金財師兄提供"
    },
    {
        "country": "Zimbabwe",
        "title": "辛巴威道路修繕",
        "description": "志工和社區民眾齊心協力，修復多卜沙巴社區毀壞的道路。",
        "date": "2023.02.01",
        "location": "東馬紹納蘭省多卜沙巴",
        "photographer": "Hlengisile Jiyane"
    },
    {
        "country": "Zimbabwe",
        "title": "辛巴威學校修繕",
        "description": "伊代風災過後，志工協助重災區修繕兩棟教室，讓孩子在安穩的環境下學習。",
        "date": "2022.09.07",
        "location": "馬斯溫戈省Murerekwa小學",
        "photographer": "Irene Mutsaro"
    },
    {
        "country": "Zimbabwe",
        "title": "辛巴威學校修繕",
        "description": "第二棟教室於2022年正式啟用，孩子雀躍迎接新教室。",
        "date": "2022.09.14",
        "location": "馬斯溫戈省Murerekwa小學",
        "photographer": "Hlengisile Jiyane"
    },
    {
        "country": "Malawi",
        "title": "馬拉威訪視關懷",
        "description": "各部落的青年志願參與訪視，幫助社區內的貧苦人士。",
        "date": "2021.08.16",
        "location": "布蘭岱縣齊拉文尼",
        "photographer": "慈濟志工提供"
    },
    {
        "country": "Malawi",
        "title": "馬拉威風災關懷",
        "description": "熱帶氣旋橫掃馬拉威南部，上萬災民流離失所，志工著手準備發放物資。",
        "date": "2022.02.11",
        "location": "布蘭岱縣馬沁杰芮",
        "photographer": "慈濟志工提供"
    },
    {
        "country": "Malawi",
        "title": "馬拉威風災關懷",
        "description": "本地志工展開巡迴式關懷，三天內走訪十個部落，發放137戶。",
        "date": "2022.02.15",
        "location": "布蘭岱縣姆卡塔",
        "photographer": "慈濟志工提供"
    },
    {
        "country": "Malawi",
        "title": "馬拉威風災關懷",
        "description": "提供多種作物種子，讓災民可以重新耕作，早日恢復生計。",
        "date": "2022.03.19",
        "location": "恩桑傑縣",
        "photographer": "慈濟志工提供"
    },
    {
        "country": "Malawi",
        "title": "馬拉威風災關懷",
        "description": "志工前往收容中心，為災民帶來糧食與禦寒物資。",
        "date": "2022.03.20",
        "location": "奇夸瓦縣",
        "photographer": "慈濟志工提供"
    },
    {
        "country": "Malawi",
        "title": "馬拉威風災關懷",
        "description": "發放依照次序，讓最急需的老弱婦孺優先領到救命資糧。",
        "date": "2022.02.12",
        "location": "布蘭岱縣青溝貝",
        "photographer": "慈濟志工提供"
    },
    {
        "country": "Malawi",
        "title": "馬拉威風災關懷",
        "description": "及時的援助，不只解決災後缺糧的問題也讓災民更有信心重建家園。",
        "date": "2022.03.20",
        "location": "奇夸瓦縣",
        "photographer": "慈濟志工提供"
    },
    {
        "country": "Sierra Leone",
        "title": "獅子山火災救援",
        "description": "大火毀壞貧民窟簡陋的貧房，讓數千居民陷入更惡劣的生活困境。",
        "date": "2021.03.28",
        "location": "西部區自由城蘇珊灣",
        "photographer": "明愛會志工"
    },
    {
        "country": "Sierra Leone",
        "title": "獅子山火災救援",
        "description": "志工聯絡當地慈善團體，整合倉庫物資和在地人力，及時投入救援。",
        "date": "2021.04.03",
        "location": "西部區自由城蘇珊灣",
        "photographer": "明愛會志工"
    },
    {
        "country": "Sierra Leone",
        "title": "獅子山火災救援",
        "description": "整理慈濟在地倉儲的二手衣物，即時供給七千多位災民。",
        "date": "2021.03.27",
        "location": "西部區自由城蘇珊灣",
        "photographer": "明愛會志工"
    },
    {
        "country": "Sierra Leone",
        "title": "獅子山火災救援",
        "description": "透過跨宗教合作，提供一無所有的災民最及時的溫暖。",
        "date": "2021.04.05   ",
        "location": "西部區自由城蘇珊灣",
        "photographer": "明愛會志工"
    },
    {
        "country": "Sierra Leone",
        "title": "獅子山火災救援",
        "description": "發放採登記造冊，確保每份物資都能詳實的送達。",
        "date": "2021.04.04",
        "location": "西部區自由城蘇珊灣",
        "photographer": "明愛會志工"
    },
    {
        "country": "Sierra Leone",
        "title": "獅子山火災救援",
        "description": "用大石堆起的臨時飯灶，大米在鍋鏟的翻動下熬煮。",
        "date": "2021.03.28   ",
        "location": "西部區自由城蘇珊灣",
        "photographer": "明愛會志工"
    },
    {
        "country": "Sierra Leone",
        "title": "獅子山火災救援",
        "description": "由於鍋碗瓢盆都付之一炬，志工採買塑膠碗提供災民盛飯。",
        "date": "2021.04.01",
        "location": "西部區自由城蘇珊灣",
        "photographer": "明愛會志工"
    },
    {
        "country": "Eswatini",
        "title": "史瓦帝尼社區關懷",
        "description": "志工透過靜思語童書分享大愛精神，把善念傳遍整個城市。",
        "date": "2022.07.23",
        "location": "曼齊尼",
        "photographer": "慈濟志工提供"
    },
    {
        "country": "Eswatini",
        "title": "史瓦帝尼社區供食",
        "description": "志工就地生根，十年來共設置84個供食站，關懷3500個貧病孤兒。",
        "date": "2022.07.24",
        "location": "曼齊尼樂言果",
        "photographer": "慈濟志工提供"
    },
    {
        "country": "Eswatini",
        "title": "史瓦帝尼社區供食",
        "description": "將熱食一一送自孩子手中，讓這份溫暖傳遞給大家享用。",
        "date": "2022.07.24",
        "location": "曼齊尼樂言果",
        "photographer": "慈濟志工提供"
    },
    {
        "country": "Eswatini",
        "title": "史瓦帝尼社區關懷",
        "description": "不只提供有形的餐食，更希望讓孩子感受到，世界上仍然有人在關愛著他們。",
        "date": "2022.07.23",
        "location": "曼齊尼",
        "photographer": "慈濟志工提供"
    },
    {
        "country": "Eswatini",
        "title": "史瓦帝尼訪視關懷",
        "description": "志工向居民致意，希望他們在領到物資後，可以溫暖地度過寒冬。",
        "date": "2022.07.24",
        "location": "曼齊尼樂言果",
        "photographer": "慈濟志工提供"
    },
    {
        "country": "Eswatini",
        "title": "史瓦帝尼社區關懷",
        "description": "慈青自編草蓆販售，賺取零用錢買文具或作為上學車資。",
        "date": "2022.07.24",
        "location": "史瓦帝尼",
        "photographer": "慈濟志工提供"
    },
    {
        "country": "Zambia",
        "title": "尚比亞訪視關懷",
        "description": "南非慈濟志工跨越逾兩千公里路，帶動尚比亞社區志工慈善訪貧。",
        "date": "2019.06.24",
        "location": "路沙卡",
        "photographer": "周憲斌"
    },
    {
        "country": "Zambia",
        "title": "尚比亞社區愛灑",
        "description": "愛灑茶會上，志工分享行善心得與法喜，鼓勵貧者亦可助人。",
        "date": "2019.06.21",
        "location": "路沙卡",
        "photographer": "周憲斌"
    },
    
    {
        "country": "Zambia",
        "title": "尚比亞物資發放",
        "description": " 南非慈濟志工引導當地志工以感恩恭敬的心，發放物資",
        "date": "2019.06.20",
        "location": "路沙卡",
        "photographer": "周憲斌"
    },
    {
        "country": "Zambia",
        "title": "尚比亞社區關懷",
        "description": "受啟發的居民親身參與訪貧，向照顧戶分享福慧紅包的祝福意涵。",
        "date": "2019.05.25",
        "location": "摩訶迪查尼",
        "photographer": "陳美娟"
    },
    {
        "country": "Zambia",
        "title": "尚比亞訪視關懷",
        "description": "深入村落暗腳，找出需要幫助的貧苦人家。",
        "date": "2019.04.07",
        "location": "路沙卡",
        "photographer": "鄭愛堡"
    },
    {
        "country": "Zambia",
        "title": "尚比亞社區愛灑",
        "description": "志工向社區發展委員會分享慈濟慈善經驗與故事，期盼帶動當地讓愛扎根。",
        "date": "2019.04.06",
        "location": "路沙卡",
        "photographer": "周憲斌"
    },
    {
        "country": "Namibia",
        "title": "納米比亞社區供食",
        "description": "志工在多個地區設立供食關懷點，就近照顧孤兒與貧病的孩童。",
        "date": "2023.04.08",
        "location": "溫荷克",
        "photographer": "納米比亞志工提供"
    },
    {
        "country": "Namibia",
        "title": "納米比亞社區愛灑",
        "description": "南非德本志工跨國至納米比亞，陪伴當地志工慈善訪貧。",
        "date": "2022.07.27",
        "location": "溫荷克",
        "photographer": "Nhlakanipho Mchunu"
    },
    {
        "country": "Namibia",
        "title": "納米比亞社區供食",
        "description": "志工在多個地區設立供食關懷點，就近照顧孤兒與貧病的孩童。",
        "date": "2022.07.25",
        "location": "溫荷克卡圖圖拉",
        "photographer": "Samkeliso"
    },
    {
        "country": "Namibia",
        "title": "納米比亞社區供食",
        "description": "溫荷克卡圖圖拉",
        "date": "Nhlakanipho Mchunu",
        "location": "2022.07.27",
        "photographer": "志工分工合作、細心處理食材，提供貧戶營養健康的一餐。"
    },
    {
        "country": "Namibia",
        "title": "納米比亞社區供食",
        "description": "當素食料理熱呼呼地擺出來，就是社區民眾享用的時刻。",
        "date": "2022.07.26",
        "location": "溫荷克巴比倫",
        "photographer": "Samkeliso"
    },
    {
        "country": "Namibia",
        "title": "納米比亞社區供食",
        "description": "溫荷克",
        "date": "Samkeliso",
        "location": "2022.07.28",
        "photographer": "社區志工自力更生，賣乾草換米糧，在供食點餵養孤兒。"
    },
    {
        "country": "Namibia",
        "title": "納米比亞訪視關懷",
        "description": "受啟發的居民自願成為助人者，在志工的引導下，親身參與訪貧。",
        "date": "2022.07.28",
        "location": "溫荷克吉利馬札羅",
        "photographer": "Samkeliso"
    },
    {
        "country": "Lesotho",
        "title": "賴索托大米發放",
        "description": "臺灣愛心大米飄洋過海到非洲，志工接力卸下，送往發放場地。",
        "date": "2023.01.04",
        "location": "馬賽魯波若發尼",
        "photographer": "Ming Yu"
    },
    {
        "country": "Lesotho",
        "title": "賴索托大米發放",
        "description": "愛心米的足跡從2003年起，持續展開米糧送非洲的跨國援助行動。",
        "date": "2023.07.19",
        "location": "馬賽魯",
        "photographer": "賴索托聯絡處提供"
    },
    {
        "country": "Lesotho",
        "title": "賴索托大米發放",
        "description": "志工團隊一一協助老弱婦孺的居民們，提起物資走往回家的路上。",
        "date": "2023.07.19",
        "location": "馬賽魯",
        "photographer": "賴索托聯絡處提供"
    },
    {
        "country": "Lesotho",
        "title": "賴索托大米發放",
        "description": "領到來自臺灣的愛心大米，許多貧困家庭得以糧食無虞。",
        "date": "2023.06.30",
        "location": "馬費滕",
        "photographer": "賴索托聯絡處提供"
    },
    {
        "country": "Lesotho",
        "title": "賴索托大米發放",
        "description": "大米送往需要的學區，足夠的糧食支持學校運作，不至於停學。",
        "date": "2023.04.04",
        "location": "馬賽魯",
        "photographer": "賴索托聯絡處提供"
    },
    {
        "country": "Lesotho",
        "title": "賴索托大米發放",
        "description": "馬賽魯",
        "date": "賴索托聯絡處提供",
        "location": "2023.04.04",
        "photographer": "持續關懷貧瘠的內陸社區，緩解孩子們的饑餓問題。"
    },
    {
        "country": "Lesotho",
        "title": "賴索托人文教育",
        "description": "馬賽魯New Look Pre School",
        "date": "賴索托聯絡處提供",
        "location": "2023.05.31",
        "photographer": "致贈兒童靜思語書籍，淺顯易懂的繪本設計，培養孩子品德教育。"
    },
    {
        "country": "Lesotho",
        "title": "賴索托募心募愛",
        "description": "志工手捧募款箱虔誠募愛，大家熱情響應發揮愛心，以小錢行大善。",
        "date": "2023.03.02",
        "location": "馬賽魯波若發尼志工聚會所",
        "photographer": "賴索托聯絡處提供"
    },
    {
        "country": "Lesotho",
        "title": "賴索托歲末祝福",
        "description": "歲末年終，志工齊聚一堂點燈祈福，感恩過去、也祝福未來。",
        "date": "2023.01.15",
        "location": "馬賽魯波若發尼志工聚會所",
        "photographer": "Ming Yu"
    },
    {
        "country": "Botswana",
        "title": "波札那訪視關懷",
        "description": "將愛與溫暖帶入社區，持續在當地關懷獨居老人、遊民等弱勢族群。",
        "date": "2017.09.16",
        "location": "嘉伯隆里",
        "photographer": "陳美娟/Adelinah Seitlheko"
    },
    {
        "country": "Botswana",
        "title": "波札那物資發放",
        "description": "透過臺灣愛心白米、自種蔬菜，給予無數孩子溫飽。",
        "date": "2017.09.17",
        "location": "波札那",
        "photographer": "陳美娟"
    },
    {
        "country": "Botswana",
        "title": "波札那大米發放",
        "description": "家庭得以糧食無虞。領到來自臺灣的愛心大米，許多貧困",
        "date": "2017.09.17",
        "location": "波札那",
        "photographer": "陳美娟"
    },
    {
        "country": "Botswana",
        "title": "波札那社區關懷",
        "description": "賴索托慈濟人與波札那本土志工下鄉訪視，帶動居民一同跳舞。",
        "date": "2017.07.30",
        "location": "嘉伯隆里哈庫托",
        "photographer": "林承毅"
    },
    {
        "country": "Botswana",
        "title": "波札那大米發放",
        "description": "載著發放大米的卡車在途中故障，志工合力搬運到支援的貨車。",
        "date": "2017.07.31",
        "location": "奎嫩笛普度胡度瑟松特村",
        "photographer": "賴索托聯絡處提供"
    },
    {
        "country": "Botswana",
        "title": "波札那大米發放",
        "description": "愛心米的足跡從2003年起，持續展開米糧送非洲的跨國援助行動。",
        "date": "2017.07.31",
        "location": "奎嫩笛普度胡度瑟松特村",
        "photographer": "林承毅"
    },
    {
        "country": "Botswana",
        "title": "波札那大米發放",
        "description": "一年一度物資發放，幫助困苦居民度過寒冬。",
        "date": "2017.07.31",
        "location": "奎嫩笛普度胡度瑟松特村",
        "photographer": "林承毅"
    },
    {
        "country": "Botswana",
        "title": "波札那浴佛典禮",
        "description": "本土志工齊聚浴佛，祈願天下無災無難。",
        "date": "2019.05.25",
        "location": "摩訶迪查尼",
        "photographer": "陳美娟"
    },
    {
        "country": "Botswana",
        "title": "波札那浴佛典禮",
        "description": "志工分享上人的精神理念及法語，本土志工認真聽講並勤作筆記。",
        "date": "2019.05.25",
        "location": "摩訶迪查尼",
        "photographer": "陳美娟"
    },
    {
        "country": "Uganda",
        "title": "烏干達衛生關懷",
        "description": "在穆科諾地區的學校、農場、村中心共建置11座雨水搜集系統。",
        "date": "2023.04.06",
        "location": "烏干達",
        "photographer": "宗教處提供"
    },
    {
        "country": "Uganda",
        "title": "烏干達衛生關懷",
        "description": "宗教處提供",
        "date": "2023.04.06",
        "location": "烏干達",
        "photographer": "宗教處提供"
    },
    {
        "country": "Uganda",
        "title": "烏干達職能培訓",
        "description": "開設農業培訓工作坊，幫助農民提高收成和收入。",
        "date": "2022.12.07",
        "location": "坎帕拉",
        "photographer": "宗教處提供"
    },
    {
        "country": "Uganda",
        "title": "烏干達衛生關懷",
        "description": "支持愛女孩國際關懷協會，在烏干達偏鄉推動水資源及裁縫計畫。",
        "date": "2022.02.28",
        "location": "坎帕拉",
        "photographer": "宗教處提供"
    },
    {
        "country": "Uganda",
        "title": "烏干達衛生關懷",
        "description": "為學校、社區中心建造生態廁所，改善公共衛生環境，也避免水源污染。",
        "date": "2022.02.28",
        "location": "坎帕拉",
        "photographer": "宗教處提供"
    },
    {
        "country": "Uganda",
        "title": "烏干達職能培訓",
        "description": "成立裁縫工作坊，協助女孩透過職訓培養專業技能，進而發展事業。",
        "date": "2022.02.01",
        "location": "坎帕拉",
        "photographer": "宗教處提供"
    },
    {
        "country": "Uganda",
        "title": "烏干達衛教宣導",
        "description": "推動布衛生棉縫製棉教學，改善女孩在生理期間失學的困境。",
        "date": "2022.02.28",
        "location": "烏干達",
        "photographer": "宗教處提供"
    },
    {
        "country": "Rwanda",
        "title": "盧安達戰禍救援",
        "description": "難民長途跋涉回到首都，見到家園已是殘破不堪，只能暫時棲居路旁。",
        "date": "1994.08.12",
        "location": "吉佳利",
        "photographer": "賑災團提供"
    },
    {
        "country": "Rwanda",
        "title": "盧安達戰禍救援",
        "description": "志工先於歐洲整補物資，再至肯亞採購大批糧食運往盧安達。",
        "date": "1994.08.03",
        "location": "法國歐里機場",
        "photographer": "英國聯絡處提供"
    },
    {
        "country": "Rwanda",
        "title": "盧安達戰禍救援",
        "description": "多數物資存放在吉佳利，每日派車運補給品到各醫療站及薩伊(剛果)。",
        "date": "1994.08.12",
        "location": "盧安達",
        "photographer": "賑災團提供"
    },
    {
        "country": "Rwanda",
        "title": "盧安達戰禍救援",
        "description": "難民營的衛生條件極差，傳染病遽增，世界醫師聯盟在學校設立臨時醫療站。",
        "date": "1994.08.12",
        "location": "吉佳利",
        "photographer": "賑災團提供"
    },
    {
        "country": "Rwanda",
        "title": "盧安達戰禍救援",
        "description": "吉佳利",
        "date": "賑災團提供",
        "location": "1994.08.12",
        "photographer": "派遣慈濟醫院醫師在內的醫療團，前往第一線提供醫療救援。"
    },
    {
        "country": "Rwanda",
        "title": "盧安達戰禍救援",
        "description": "醫療站提供全天候的醫療救護及營養補給，難民耐心排隊候診。",
        "date": "1994.08",
        "location": "吉佳利",
        "photographer": "賑災團提供"
    },
    {
        "country": "Congo",
        "title": "剛果境內難民援助",
        "description": "盧國西北方為最大難民潮聚集地─薩伊(剛果)邊境的戈馬地區。",
        "date": "1994.08.12",
        "location": "薩伊戈馬城盧安達難民營",
        "photographer": "賑災團提供"
    },
    {
        "country": "Congo",
        "title": "剛果境內難民援助",
        "description": "設置三個移動式醫療站，提供全天候的醫療救護及營養補給。",
        "date": "1994.08",
        "location": "薩伊戈馬城盧安達難民營",
        "photographer": "賑災團提供"
    },
    {
        "country": "Congo",
        "title": "剛果境內難民援助",
        "description": "逃難中，許多孩童與父母失散，臨時孤兒院收容近兩千位孩童。",
        "date": "1994.08.14",
        "location": "薩伊戈馬城盧安達難民營",
        "photographer": "賑災團提供"
    },
    {
        "country": "Ethiopia",
        "title": "衣索匹亞醫療援助",
        "description": "慈濟與法國世界醫師聯盟合作衣索匹亞醫療衛生重建方案。",
        "date": "1998.08.21",
        "location": "阿迪斯阿貝巴市",
        "photographer": "劉金鵬"
    },
    {
        "country": "Ethiopia",
        "title": "衣索匹亞醫療援助",
        "description": "為北秀省曼斯吉斯區設立兩個供水處，提供安全水源。",
        "date": "1999.06",
        "location": "北秀省曼斯吉斯區八須村",
        "photographer": "志工提供"
    },
    {
        "country": "Ethiopia",
        "title": "衣索匹亞醫療援助",
        "description": "由慈濟提供資金合作援助岱公立醫院增建醫療設施。",
        "date": "2000.05.26",
        "location": "北秀省岱柏柏罕醫院",
        "photographer": "高震"
    },
    {
        "country": "Ethiopia",
        "title": "衣索匹亞醫療援助",
        "description": "慈濟協助醫護人員在職訓練與進修。醫院內每天排滿求診的病人。",
        "date": "2000.05.26",
        "location": "北秀省岱柏柏罕醫院",
        "photographer": "王志宏"
    },
    {
        "country": "Ethiopia",
        "title": "衣索匹亞醫療援助",
        "description": "志工勘察衣索匹亞醫療站及供水設施，並探視難民營孩童。",
        "date": "2003.11.05",
        "location": "阿烏沙U.S AID難民營",
        "photographer": "志工提供"
    },
    {
        "country": "Sao Tome & Principe",
        "title": "聖多美普林西比發放",
        "description": "貧困孩童無法就學，慈濟捐贈衣物及文具用品，改善當地教育情況。",
        "date": "1999.08",
        "location": "聖多美普林",
        "photographer": "慈濟基金會提供"
    },
    {
        "country": "Tanzania",
        "title": "坦尚尼亞物資捐贈",
        "description": "日本分會志工將募集物資送至成田機場，交由坦尚尼亞的孩童帶回。",
        "date": "1999.07.30",
        "location": "日本成田機場",
        "photographer": "蕭如玲"
    },
    {
        "country": "Liberia",
        "title": "賴比瑞亞衣物捐贈",
        "description": "捐贈衣物及毛毯以紓解賴國物資困窘問題，賴比瑞亞大使代表接受。",
        "date": "1997",
        "location": "臺北賴比瑞亞駐華大使館",
        "photographer": "何惠卿"
    },
    {
        "country": "Gambia ",
        "title": "甘比亞衣物捐贈",
        "description": "將募集的衣物及毛毯，由駐甘比亞大使移交班竹市市長。",
        "date": "1997.02.08",
        "location": "班竹之甘比亞港務局",
        "photographer": "慈濟基金會提供"
    },
    {
        "country": "Ivory coast",
        "title": "象牙海岸街童關懷",
        "description": "與法國世界醫師聯盟合作，醫師隨著輔導員在晚上為流浪兒童療傷。",
        "date": "1996.11",
        "location": "阿比尚",
        "photographer": "慈濟基金會提供"
    },
    {
        "country": "Guinea Bissau",
        "title": "幾內亞比索醫療援助",
        "description": "當地醫療資源非常貧乏，志工前往評估，提供醫療設備與藥品。",
        "date": "1995",
        "location": "幾內亞比索",
        "photographer": "慈濟基金會提供"
    }
]