[
  {
    "country": "Ukraine",
    "chinese name": "烏克蘭",
    "title": "難民關懷",
    "content": "拜訪烏克蘭周邊國家，串連當地或國際人道援助組織，就近協助難民。",
    "date": "2022.04.01",
    "photographer": "波蘭布林省盧布林",
    "location": "張淑兒師姊提供"
  },
  {
    "country": "Ukraine",
    "chinese name": "烏克蘭",
    "title": "難民關懷",
    "content": "外交部募集各方物資以賑濟難民，志工協助整理，十天內打包逾二萬箱。",
    "date": "2022.03.19",
    "photographer": "臺灣臺北市中正區外交部",
    "location": "陳昭賢"
  },
  {
    "country": "Ukraine",
    "chinese name": "烏克蘭",
    "title": "難民關懷",
    "content": "評估當地醫院需求，醫療隊將醫療用品裝配成便於攜帶的醫療急救包。",
    "date": "2022.07.02",
    "photographer": "美國總會",
    "location": "馮淑麗"
  },

  {
    "country": "Ukraine",
    "chinese name": "烏克蘭",
    "title": "難民關懷",
    "content": "拜訪烏克蘭周邊國家，串連當地或國際人道援助組織，就近協助難民。",
    "date": "2022.04.01",
    "photographer": "張淑兒師姊提供",
    "location": "波蘭布林省盧布林"
  },
  {
    "country": "Ukraine",
    "chinese name": "烏克蘭",
    "title": "難民關懷",
    "content": "外交部募集各方物資以賑濟難民，志工協助整理，十天內打包逾二萬箱。",
    "date": "2022.03.19",
    "photographer": "陳昭賢",
    "location": "臺灣臺北市中正區外交部"
  },
  {
    "country": "Ukraine",
    "chinese name": "烏克蘭",
    "title": "難民關懷",
    "c                     ontent": "評估當地醫院需求，醫療隊將醫療用品裝配成便於攜帶的醫療急救包。",
    "                   date": "2022.07.02",
    "photographer": "馮淑麗",
    "l                  ocation": "美國總會"
  },
  {
    "country": "Ukraine",
    "chinese name": "烏克蘭",
    "title": "難民關懷",
    "content": "援助項目包括提供心理和技能輔導、日常食物、保暖衣物與醫療服務等。",
    "date": "2022.03.19",
    "photographer": "張淑兒師姊提供",
    "location": "波蘭大波蘭省波茲南"
  },
  {
    "country": "Ukraine",
    "chinese name": "烏克蘭",
    "title": "難民關懷",
    "content": "透過合作機構協助，慈濟在摩爾多瓦親子難民心理關懷服務中心提供身心輔導。",
    "date": "2022.05.24",
    "photographer": "海克特",
    "location": "摩爾多瓦帕蘭卡"
  },
  {
    "country": "Ukraine",
    "chinese name": "烏克蘭",
    "title": "難民關懷",
    "content": "慈濟陸續在華沙、盧布林、波茲南和斯塞新啟動援助，志工核對資料發放購物卡。",
    "date": "2022.06.10",
    "photographer": "彭晶彥",
    "location": "波蘭大波蘭省波茲南"
  },
  {
    "country": "Ukraine",
    "chinese name": "烏克蘭",
    "title": "難民關懷",
    "content": "慈濟、明愛會與以工代賑志工在盧布林進行數十場發放，讓愛跨越種族、語言。",
    "date": "2022.06.11",
    "photographer": "朱秀蓮",
    "location": "波蘭盧布林省盧布林"
  },
  {
    "country": "Ukraine",
    "chinese name": "烏克蘭",
    "title": "難民關懷",
    "content": "發放儀式不僅是物資的給予，而是給烏克蘭鄉親最誠摯的祝福。",
    "date": "2022.06.27",
    "photographer": "王素真",
    "location": "波蘭西波美拉尼亞省斯塞新"
  },
  {
    "country": "Ukraine",
    "chinese name": "烏克蘭",
    "title": "難民關懷",
    "content": "送來購物卡、食物、環毛毯等生活物資，幫助他們度過難關。",
    "date": "2022.06.07",
    "photographer": "呂佩玲",
    "location": "波蘭大波蘭省霍濟日馬"
  },
  {
    "country": "Ukraine",
    "chinese name": "烏克蘭",
    "title": "難民關懷",
    "content": "烏克蘭鄉親響應竹筒歲月的精神，躍躍以小錢行大善，匯聚愛心。",
    "date": "2022.06.10",
    "photographer": "呂佩玲",
    "location": "波蘭大波蘭省霍濟日馬"
  },
  {
    "country": "Ukraine",
    "chinese name": "烏克蘭",
    "title": "難民關懷",
    "content": "藉著帶動《一家人》手語歌曲，希望難民能暫時忘掉戰爭的苦痛。",
    "date": "2022.06.29",
    "photographer": "王素真",
    "location": "波蘭西波美拉尼亞省斯塞新"
  },
  {
    "country": "Serbia",
    "chinese name": "塞爾維亞",
    "title": "難民援助",
    "content": "自2016年元月開始，慈濟志工持續關懷過境及滯留的難民。",
    "date": "2023.02.10",
    "photographer": "德揚阿憫迪耶維斯",
    "location": "斯雷姆州希德難民營"
  },
  {
    "country": "Serbia",
    "chinese name": "塞爾維亞",
    "title": "難民援助",
    "content": "與歐盟慈善機構和難民委員會合作為難民營提供早、晚餐。",
    "date": "2023.02.09",
    "photographer": "德揚阿憫迪耶維斯",
    "location": "斯雷姆州希德難民營"
  },
  {
    "country": "Serbia",
    "chinese name": "塞爾維亞",
    "title": "難民援助",
    "content": "備受冬衣和毛毯，希望讓前往歐洲的難民，一路上感受到溫暖。",
    "date": "2023.02.10",
    "photographer": "德揚阿憫迪耶維斯",
    "location": "斯雷姆州希德難民營"
  },
  {
    "country": "Serbia",
    "chinese name": "塞爾維亞",
    "title": "難民援助",
    "content": "幾個月的異鄉生活，難民的盤纏早已用盡，志工提供最好的後援。",
    "date": "2023.02.11",
    "photographer": "德揚阿憫迪耶維斯",
    "location": "斯雷姆州希德難民營"
  },
  {
    "country": "Serbia",
    "chinese name": "塞爾維亞",
    "title": "難民援助",
    "content": "志工為土敘強震募集愛心，眾人樂於付出小小心意。",
    "date": "2023.02.11",
    "photographer": "陳樹微",
    "location": "貝爾格勒帕爾尼亞塞難民營"
  },
  {
    "country": "Serbia",
    "chinese name": "塞爾維亞",
    "title": "難民援助",
    "content": "開學前，志工為營區內的孩童致贈學習文具、書包等物資。",
    "date": "2022.09.23",
    "photographer": "扎克阿憫迪耶維斯",
    "location": "貝爾格勒柏蘭科比裡小學"
  },
  {
    "country": "Serbia",
    "chinese name": "塞爾維亞",
    "title": "難民援助",
    "content": "許多失去雙親的孩童更要用心陪伴和關懷，改善他們的生活。",
    "date": "2022.09.24",
    "photographer": "德揚阿憫迪耶維斯",
    "location": "貝爾格勒帕爾尼亞塞難民營"
  },
  {
    "country": "Serbia",
    "chinese name": "塞爾維亞",
    "title": "難民援助",
    "content": "在志工帶動下，鄰近的波士尼亞及當地青年也投身參與關懷行動。",
    "date": "2023.02.09",
    "photographer": "陳樹微",
    "location": "貝爾格勒歐普普難民營"
  },
  {
    "country": "Serbia",
    "chinese name": "塞爾維亞",
    "title": "難民援助",
    "content": "每次前來，都希望帶給難民朋友不同的歡樂和啟發。",
    "date": "2023.02.09",
    "photographer": "扎克阿憫迪耶維斯",
    "location": "貝爾格勒歐普普難民營"
  },
  {
    "country": "United Kingdom",
    "chinese name": "英國",
    "title": "難民關懷",
    "content": "走入諾丁漢難民公寓，為不同國籍的難民家庭，帶來冬季需要的物資。",
    "date": "2022.02.15",
    "location": "諾丁漢",
    "photographer": "王素真"
  },
  {
    "country": "United Kingdom",
    "chinese name": "英國",
    "title": "難民關懷",
    "content": "發放日前，志工針對難民家庭的需求至賣場採購發放物資。",
    "date": "2022.12.03",
    "location": "諾丁漢",
    "photographer": "梁欣伶"
  },
  {
    "country": "United Kingdom",
    "chinese name": "英國",
    "title": "難民關懷",
    "content": "把募集來的二手衣物，按照性別、季節、年紀、尺碼，逐一分類整理。",
    "date": "2022.12.03",
    "location": "諾丁漢",
    "photographer": "王素真"
  },
  {
    "country": "United Kingdom",
    "chinese name": "英國",
    "title": "難民關懷",
    "content": "不論大人、小孩，都在這裡選到中意的新年禮物。",
    "date": "2022.12.04",
    "location": "諾丁漢",
    "photographer": "王以潔"
  },
  {
    "country": "United Kingdom",
    "chinese name": "英國",
    "title": "難民關懷",
    "content": "運輸公司響應慈濟募資，捐出床和床墊，關懷異鄉的難民朋友。",
    "date": "2022.12.03",
    "location": "諾丁漢",
    "photographer": "王素真"
  },
  {
    "country": "United Kingdom",
    "chinese name": "英國",
    "title": "機構關懷",
    "content": "從2011年底開始，志工固定在雙數月至女性中途之家提供餐食。",
    "date": "2023.02.19",
    "location": "伍斯特郡莫爾文",
    "photographer": "王素真"
  },
  {
    "country": "United Kingdom",
    "chinese name": "英國",
    "title": "冬令發放",
    "content": "每年耶誕節至新年之間，志工總會帶著冬令物資拜訪拖車公園的住戶。",
    "date": "2022.12.31",
    "location": "約克郡約克市",
    "photographer": "王素真"
  },
  {
    "country": "United Kingdom",
    "chinese name": "英國",
    "title": "募心募愛",
    "content": "受惠民眾投下一念善心，讓愛心細水長流，匯聚成助人的力量。",
    "date": "2022.12.31",
    "location": "約克郡約克市",
    "photographer": "王素真"
  },
  {
    "country": "United Kingdom",
    "chinese name": "英國",
    "title": "素粽義賣",
    "content": "端午將至，志工和依士靈頓華人協會合作，自製美味素粽向民眾募愛推素。",
    "date": "2022.05.28",
    "location": "倫敦",
    "photographer": "英國聯絡處提供"
  },

  {
    "country": "Portugal",
    "chinese_name": "葡萄牙",
    "title": "機構關懷",
    "content": "福利中心因經費人力短缺，歐洲慈濟志工協助備餐、送餐和訪視。",
    "date": "2019.06.13",
    "location": "維塞烏區素爾鎮",
    "photographer": "王以潔師姊提供"
  },
  {
    "country": "Portugal",
    "chinese_name": "葡萄牙",
    "title": "林火援助",
    "content": "歐洲慈濟志工在2017年走入葡萄牙，幫助山林大火的受災居民。",
    "date": "2018.06.10",
    "location": "維塞烏區聖塔瑪巴道",
    "photographer": "林美鳳提供"
  },
  {
    "country": "Portugal",
    "chinese_name": "葡萄牙",
    "title": "林火援助",
    "content": "志工看見山區農民生活之苦，於是一再地前往關懷。",
    "date": "2018.09.09",
    "location": "維塞烏區唐迪拉市佩內多村",
    "photographer": "譚振雄"
  },
  {
    "country": "Portugal",
    "chinese_name": "葡萄牙",
    "title": "林火援助",
    "content": "準備二次發放，與鎮長核對家訪名單，將遺漏的居民加入發放名冊。",
    "date": "2018.06.08",
    "location": "維塞烏區唐迪拉市拉久薩",
    "photographer": "林美鳳提供"
  },
  {
    "country": "Portugal",
    "chinese_name": "葡萄牙",
    "title": "林火援助",
    "content": "人醫會醫師提供健康諮詢，幫助受災居民走出心理創傷。",
    "date": "2018.09.08",
    "location": "維塞烏區唐迪拉市聖傑米爾",
    "photographer": "譚振雄"
  },
  {
    "country": "Portugal",
    "chinese_name": "葡萄牙",
    "title": "林火援助",
    "content": "奧利維拉市市長參與發放，致贈環保毛毯、福慧紅包予災民。",
    "date": "2019.03.17",
    "location": "維塞烏區奧利維拉市",
    "photographer": "譚振雄"
  },
  {
    "country": "Portugal",
    "chinese_name": "葡萄牙",
    "title": "林火援助",
    "content": "親手布施傳遞關懷，這分真誠無私的愛深入居民的心中。",
    "date": "2019.03.17",
    "location": "維塞烏區奧利維拉市",
    "photographer": "譚振雄"
  },
  {
    "country": "Portugal",
    "chinese_name": "葡萄牙",
    "title": "林火援助",
    "content": "一再地前往關懷，感動許多當地人，並發心參與志工行列。",
    "date": "2019.03.17",
    "location": "維塞烏區奧利維拉市",
    "photographer": "譚振雄"
  },
  {
    "country": "Portugal",
    "chinese_name": "葡萄牙",
    "title": "林火援助",
    "content": "志工送來慰問函及禮券，希冀幫助災民度過難關。",
    "date": "2018.06.10",
    "location": "維塞烏區唐迪拉市",
    "photographer": "林美鳳提供"
  },
  {
    "country": "Germany",
    "chinese_name": "德國",
    "title": "防疫紓困",
    "content": "防疫物資短缺，志工備受醫療口罩、手套、防護衣，為醫護人員提供更好的防護。",
    "date": "2021.02.03",
    "location": "漢堡",
    "photographer": "漢堡聯絡點提供"
  },

  {
    "country": "Germany",
    "title": "德國防疫紓困",
    "content": "防疫物資短缺，志工備妥醫療口罩、手套、防護衣，為醫護人員提供更好的防護。",
    "date": "2021.02.03",
    "location": "漢堡",
    "photographer": "漢堡聯絡點提供"
  },
  {
    "country": "Germany",
    "title": "德國水災關懷",
    "content": "流經市中心的小河成為洪水猛獸，到處街道柏油路面、掏空房屋牆壁。",
    "date": "2021.08.14",
    "location": "巴特明斯特艾費爾市",
    "photographer": "漢堡聯絡點提供"
  },
  {
    "country": "Germany",
    "title": "德國水災關懷",
    "content": "志工走訪重災區市鎮，拜訪災民家中給予關懷與祝福。",
    "date": "2021.08.25",
    "location": "巴特明斯特艾費爾市",
    "photographer": "漢堡聯絡點提供"
  },
  {
    "country": "Germany",
    "title": "德國水災關懷",
    "content": "災區無水無電，志工租一部大型餐車，提供現煮的素食餐點。",
    "date": "2021.08.13",
    "location": "巴特明斯特艾費爾市",
    "photographer": "漢堡聯絡點提供"
  },
  {
    "country": "Germany",
    "title": "德國水災關懷",
    "content": "行動餐車每天供應超過五百份餐食。",
    "date": "2021.09.09",
    "location": "巴特明斯特艾費爾市",
    "photographer": "林美鳳師姊提供"
  },
  {
    "country": "Germany",
    "title": "德國水災關懷",
    "content": "協助復原災區的工程人員及民間團體，感激在災區仍能吃到熱食。",
    "date": "2021.09.07",
    "location": "巴特明斯特艾費爾市",
    "photographer": "林美鳳師姊提供"
  },
  {
    "country": "Germany",
    "title": "德國水災關懷",
    "content": "居民捐出善款，累積點滴愛心援助更多的人。",
    "date": "2021.09.05",
    "location": "巴特明斯特艾費爾市",
    "photographer": "漢堡聯絡點提供"
  },
  {
    "country": "Italy",
    "title": "義大利防疫紓困",
    "content": "慈濟委託本地實業家協助，發送防疫物資援助紅十字會。",
    "date": "2020.12.28",
    "location": "利摩德納省費那艾米利亞市",
    "photographer": "宗教處提供"
  },
  {
    "country": "Italy",
    "title": "義大利震災關懷",
    "content": "志工舉募善款，將校車改裝成復康巴士，捐贈給阿庫莫里災區。",
    "date": "2019.09.14",
    "location": "拉吉歐列蒂省阿庫莫里",
    "photographer": "陳樹微"
  },
  {
    "country": "Italy",
    "title": "義大利震災關懷",
    "content": "以重點與直接的方式，將慰問金送到受災鄉親的手上。",
    "date": "2017.05.06",
    "location": "拉吉歐列蒂省奇塔雷亞萊",
    "photographer": "志工提供"
  },
  {
    "country": "Italy",
    "title": "義大利震災關懷",
    "content": "慈濟持續關懷受災鄉親，多次前往發放亦提供助學金。",
    "date": "2017.09.10",
    "location": "馬爾凱馬切拉塔省維索鎮",
    "photographer": "王素真"
  },
  {
    "country": "Bosnia",
    "title": "波士尼亞歲末祝福",
    "content": "歐洲慈濟志工來到波士尼亞沙馬奇鎮，為居民舉辦歲末祝福。",
    "date": "2019.01.11",
    "location": "沙馬奇鎮",
    "photographer": "陳樹微"
  },
  {
    "country": "Bosnia",
    "title": "波士尼亞歲末祝福",
    "content": "送上祝福金，以感恩心迎接新的一年。",
    "date": "2019.01.11",
    "location": "沙馬奇鎮",
    "photographer": "康惠晴"
  },
  {
    "country": "Bosnia",
    "title": "波士尼亞歲末祝福",
    "content": "在彼此的祝福中領取福慧紅包，也相約下次再見。",
    "date": "2019.01.11",
    "location": "沙馬奇鎮",
    "photographer": "陳樹微"
  },
  {
    "country": "Bosnia",
    "title": "波士尼亞物資捐助",
    "content": "捐贈兩艘動力救生艇予紅十字會，為當地救災後援。",
    "date": "2017.08.14",
    "location": "沙馬奇鎮",
    "photographer": "王明珠"
  },
  {
    "country": "France",
    "title": "法國環保掃街",
    "content": "志工兩人一組沿街撿拾垃圾，分區合作為市容整潔。",
    "date": "2019.05.18",
    "location": "巴黎",
    "photographer": "匡齡芳"
  },
  {
    "country": "France",
    "title": "法國水災援助",
    "content": "慈濟結合當地商場，以發放購物券方式賑濟災民。",
    "date": "2016.07.10",
    "location": "索羅尼區羅蒙朗坦市",
    "photographer": "志工提供"
  },
  {
    "country": "France",
    "title": "法國水災援助",
    "content": "來自歐洲各國45位慈濟志工，透過親身關懷虔慰災民。",
    "date": "2016.07.10",
    "location": "羅亞爾謝爾省拉弗爾聖西市",
    "photographer": "志工提供"
  },
  {
    "country": "France",
    "title": "法國水災援助",
    "content": "慈濟即時馳援，對很多災戶來說比政府目前援助的更快、更多。",
    "date": "2016.07.19",
    "location": "索羅尼區薩爾布里市",
    "photographer": "志工提供"
  },
  {
    "country": "France",
    "title": "法國水災援助",
    "content": "鄉親紛紛寫下祝福，大家虔誠祈禱，希望能早日重建家園。",
    "date": "2016.07.14",
    "location": "羅亞爾謝爾省拉弗爾聖西市",
    "photographer": "志工提供"
  },
  {
    "country": "France",
    "title": "法國水災援助",
    "content": "儘管受災嚴重，鄉親仍樂意捐出一份愛心，幫助其他更需要的人。",
    "date": "2016.07.09",
    "location": "索羅尼區羅蒙朗坦市",
    "photographer": "志工提供"
  },
  {
    "country": "France",
    "title": "法國水災援助",
    "description": "法國慈濟志工重返當地舉辦首場歲末祝福，傳遞愛與關懷。",
    "date": "2017.01.14",
    "location": "索羅尼區薩爾布里市",
    "photographer": "志工提供"
  },
  {
    "country": "Netherland",
    "title": "荷蘭機構關懷",
    "description": "以歡樂的荷蘭民諺帶動唱，陪伴住院安養的老人家。",
    "date": "2016.09.26",
    "location": "烏特勒支省馬森市養老院",
    "photographer": "李天佑"
  },
  {
    "country": "Netherland",
    "title": "荷蘭募心募愛",
    "description": "居民帶著竹筒回娘家，點滴愛心匯入功德海。",
    "date": "2016.03.13",
    "location": "荷蘭省鹿特丹",
    "photographer": "李天佑"
  },
  {
    "country": "Netherland",
    "title": "荷蘭社區愛灑",
    "description": "為感恩大眾對慈濟長期護持，舉辦豐富的節目活動。",
    "date": "2016.03.13",
    "location": "南荷蘭省鹿特丹",
    "photographer": "李天佑"
  },
  {
    "country": "Netherland",
    "title": "荷蘭社區愛灑",
    "description": "適逢新春，志工舉辦花道體驗，讓民眾為居家增添節慶喜氣。",
    "date": "2016.03.13",
    "location": "荷蘭省鹿特丹",
    "photographer": "李天佑"
  },
  {
    "country": "Netherland",
    "title": "荷蘭社區愛灑",
    "description": "志工教導會眾寫書法，體驗中國文化。",
    "date": "2017.03.05",
    "location": "南荷蘭省鹿特丹",
    "photographer": "李天佑"
  },
  {
    "country": "Ireland",
    "title": "愛爾蘭水災關懷",
    "description": "當地水災救濟團體帶著志工實地勘災。",
    "date": "2012.07.22",
    "location": "芒斯特省科克郡克羅納克克迪鎮",
    "photographer": "鄭順吉"
  },
  {
    "country": "Ireland",
    "title": "愛爾蘭蔬食推廣",
    "description": "世界蔬食日活動，現場設攤位推廣蔬食和慈濟人文。",
    "date": "2012.09.30",
    "location": "都柏林",
    "photographer": "鄭順吉"
  },
  {
    "country": "Ireland",
    "title": "愛爾蘭物資發放",
    "description": "志工為露宿街頭的街友準備各項生活物資。",
    "date": "2012.05.28",
    "location": "戈里鎮",
    "photographer": "鄭順吉"
  },
  {
    "country": "Ireland",
    "title": "愛爾蘭社區愛灑",
    "description": "志工向參與浴佛的民眾解說靜思語的意涵。",
    "date": "2012.05.26",
    "location": "柏林亞洲行",
    "photographer": "鄭順吉"
  },
  {
    "country": "Denmark",
    "chinese name": "丹麥",
    "title": "募心募愛",
    "content": "志工走上街頭為莫拉克風災募款，民眾紛紛投下一念善心。",
    "date": "2009.08.16",
    "photographer": "吳秋貞",
    "location": "歐登斯"
  },
  {
    "country": "Denmark",
    "chinese name": "丹麥",
    "title": "募心募愛",
    "content": "民眾捐出善款，為國際人道救援注入一份助力與願力。",
    "date": "2011.03.26",
    "photographer": "吳秋貞",
    "location": "哥本哈根"
  },
  {
    "country": "Denmark",
    "chinese name": "丹麥",
    "title": "社區愛灑",
    "content": "眾人虔誠祈禱，為法親祝福也為天下祈祥和。",
    "date": "2011.04.30",
    "photographer": "吳秋貞",
    "location": "哥本哈根"
  },
  {
    "country": "Denmark",
    "chinese name": "丹麥",
    "title": "社區愛灑",
    "content": "邀請社區民眾享用素食餐點，響應齋戒。",
    "date": "2011.04.30",
    "photographer": "吳秋貞",
    "location": "哥本哈根"
  },
  {
    "country": "Austria",
    "title": "奧地利募心募愛",
    "description": "邀約民眾一起付出愛心，幫助伊代風災災民早日重建家園。",
    "date": "2019.05.12",
    "location": "維也納金光佛堂",
    "photographer": "蔡婉珍"
  },
  {
    "country": "Austria",
    "title": "奧地利難民關懷",
    "description": "烹煮蔬食餐點，提供逃到奧地利的難民。",
    "date": "2015.09.29",
    "location": "維也納承恩堂",
    "photographer": "奧地利共修處提供"
  },
  {
    "country": "Austria",
    "title": "奧地利難民關懷",
    "description": "難民看到志工載來食物、餐點，也熱心協助一同搬運。",
    "date": "2015.10.23",
    "location": "維也納理查倉庫",
    "photographer": "奧地利共修處提供"
  },
  {
    "country": "Vatican",
    "title": "梵蒂岡跨宗教交流",
    "description": "慈濟基金會代表與跨宗教團隊分享在近年的慈善足跡與合作成果。",
    "date": "2018.09.11",
    "location": "梵蒂岡",
    "photographer": "陳祖洵"
  },
  {
    "country": "Czechia",
    "title": "捷克校車捐贈",
    "description": "2002年遭遇嚴重水患，慈濟勘災後捐贈一輛交通車予受災的兒童之家。",
    "date": "2003.09.19",
    "location": "布拉格Zihove兒童之家",
    "photographer": "胡光中提供"
  },
  {
    "country": "Albania",
    "title": "阿爾巴尼亞地震關懷",
    "description": "6.4級強震造成52人死亡、逾900人受傷，超過13000人無家可歸。",
    "date": "2019.01.16",
    "location": "杜瑞斯州克魯亞區布克",
    "photographer": "慈濟前勘團提供"
  },
  {
    "country": "Vatican",
    "title": "梵蒂岡跨宗教交流",
    "description": "慈濟基金會代表與跨宗教團隊分享在近年的慈善足跡與合作成果。",
    "date": "2018.09.11",
    "location": "梵蒂岡",
    "photographer": "陳祖洸"
  },
  {
    "country": "Czechia",
    "title": "捷克校車捐贈",
    "description": "2002年遭遇嚴重水患，慈濟勘災後捐贈一輛交通車予受災的兒童之家。",
    "date": "2003.09.19",
    "location": "布拉格Zihove兒童之家",
    "photographer": "胡光中提供"
  },

  {
    "country": "Croatia",
    "title": "克羅埃西亞水災關懷",
    "description": "連日豪雨成災，志工實地前往勘查。",
    "date": "2014.06.10",
    "location": "查格雷布克納",
    "photographer": "王明珠"
  },
  {
    "country": "Croatia",
    "title": "克羅埃西亞水災關懷",
    "description": "志工與紅十字會人員關懷居民災後的生活情形，評估後續援助行動。",
    "date": "2014.06.10",
    "location": "查格雷布克納",
    "photographer": "王明珠"
  },
  {
    "country": "Kosovo",
    "title": "科索沃戰禍救援",
    "description": "牆上彈痕、車輛焚燒後的殘骸，訴說著戰爭的殘酷。",
    "date": "1999.07.08-12",
    "location": "科索沃",
    "photographer": "郭以德"
  },
  {
    "country": "Kosovo",
    "title": "科索沃戰禍救援",
    "description": "慈濟與美國騎士橋組織合作，運送4600磅緊急藥品至難民中心。",
    "date": "1999.04.10",
    "location": "阿爾巴尼亞",
    "photographer": "志工提供"
  },
  {
    "country": "Kosovo",
    "title": "科索沃戰禍救援",
    "description": "深入科索沃，志工與法國世界醫師聯盟人員穿戴鋼盔與防彈背心。",
    "date": "1999.07.08-12",
    "location": "科索沃",
    "photographer": "郭以德"
  }
]
