[
  {
    "region": "Oceania",
    "country": "Australia",
    "eng-title": "Flood Relief in Australia",
    "zh-title": "澳洲水患援助",
    "description": "2022年3月連續暴雨釀災志工接獲求助前往勘災針對受災嚴重的家庭展開重點清掃及發放"
  },
  {
    "region": "Oceania",
    "country": "Papua New Guinea",
    "eng-title": "Great Love Aftr Papua New Guinea Tsunami",
    "zh-title": "巴布亞紐幾內亞海嘯援助",
    "description": "1998年7月強震引發海嘯澳洲分e會隨即投入勘災，發起募款發放物資、建屋工具及醫療設備"
  },
  {
    "region": "Asia",
    "country": "Thailand",
    "eng-title": "Relief action to the flood survivors in Thailand",
    "zh-title": "泰國烏汶府水災賑災",
    "description": "季節性強降雨加上颱風造成烏汶府歷史上最嚴重的水災慈濟志工即刻投入救災關懷收容中心災民"
  },
  {
    "region": "Asia",
    "country": "Laos",
    "eng-title": "Flood Relief in Laos",
    "zh-title": "寮國水災關懷",
    "description": "2019年8月傾盆豪雨引發洪水造成六省、五十萬人受災來自六個國家的慈濟志工接力為萬戶受災家庭致贈物資"
  },

  {
    "region": "Asia",
    "country": "Turkey",
    "eng-title": "Turkey Earthquake Relief",
    "zh-title": "土耳其震災援助",
    "description": "震後，慈濟隨即成立救災中心調度救援物資送往災區並在當地政府及慈善組織協助下接連展開大型發放"
  },
  {
    "region": "Asia",
    "country": "Turkey",
    "eng-title": "Aid for Syrian Refugees in Turkey",
    "zh-title": "土耳其難民援助",
    "description": "2011年敘利亞內戰爆發2014年慈濟展開人道援助行動提供慈善救助、醫療及教育等援助成立滿納海學校及義診中心2017年底累計幫助難民超過85萬人次"
  },
  {
    "region": "Asia",
    "country": "Iraq",
    "eng-title": "Humanitarian Aid to War Victims in Iraq",
    "zh-title": "伊拉克戰爭人道救援",
    "description": "2003年3月美伊戰爭爆發慈濟約旦聯絡處整備應急物資以供應難民醫療及民生所需"
  },
  {
    "region": "Asia",
    "country": "Iran",
    "eng-title": "Aid for Bam Iran Earthquake",
    "zh-title": "伊朗巴姆強震救援",
    "description": "2003年12月強震重創巴姆慈濟志工前往災區義診提供醫藥箱、毛毯、生活包等物資2007年援建5所學校正式啟用"
  },

  {
    "region": "Asia",
    "country": "Afghanistan",
    "eng-title": "Humanitarian Aid to War Victims in Afghanistan",
    "zh-title": "阿富汗戰爭人道救援",
    "description": "1998年難民飽受乾旱與戰禍之苦慈濟與騎士橋國際救援組織合作馳援發放生活物資、醫藥包及乾糧供難民三個月過冬所需"
  },
  {
    "region": "Asia",
    "country": "Azerbaijan",
    "eng-title": "亞塞拜然戰火援助",
    "zh-title": "因戰火不斷，人民生活困頓1996年慈濟與倫敦大學、雷諾徹希亞基金會合作展開三年援助計畫改善難民生活困境",
    "description": "敘利亞Syria"
  },
  {
    "region": "Asia",
    "country": "Syria",
    "eng-title": "Aid for Syrian Refugees",
    "zh-title": "援助敘利亞難民",
    "description": "2011年敘利亞內戰爆發戰火中民眾流離失所慈濟志工接獲求援訊息訪查評估後提供需要的援助範圍遍及慈善、醫療、教育"
  },
  {
    "region": "Europe",
    "country": "Chechnya",
    "eng-title": "Humanitarian Aid to War Victims in Chechnya",
    "zh-title": "車臣戰禍人道援助",
    "description": "長期戰禍不斷，帶來大量難民1995年與世界醫師聯盟(M.D.M.)簽訂為期5個月的緊急醫療援助2000年透過車臣友誼協調會援助物資"
  },
  {
    "region": "Asia",
    "country": "Mongolia",
    "eng-title": "Humanitarian Aid to Mongolia",
    "zh-title": "外蒙古人道救援",
    "description": "1991年蘇聯解體後，蒙古經濟陷入困境1992年花蓮靜思精舍發起義賣募款志工親赴災區發放物資，協助度過嚴冬"
  },
  {
    "region": "Asia",
    "country": "India",
    "eng-title": "Bringing Love and Hope to India",
    "zh-title": "印度慈善援助",
    "description": "印度菩提迦耶生活窮困2022年起，星馬志工數度往返展開慈善、醫療與教育援助積極帶動向善的力量"
  },
  {
    "region": "Asia",
    "country": "Nepal",
    "eng-title": "Bringing Love and Hope to Nepal",
    "zh-title": "尼泊爾慈善援助",
    "description": "藍毗尼位在尼泊爾境內生活貧窮落後，資源極度缺乏2022年起，星馬志工數度往返透過慈善、醫療與教育援助翻轉貧病人生"
  },
  {
    "region": "Asia",
    "country": "Nepal",
    "eng-title": "Free Clinic and Relief Distribution in Nepal",
    "zh-title": "尼泊爾義診發放",
    "description": "2017年11月30日至12月10日馬來西亞慈濟志工結合當地志工攜手將愛、醫療與關懷送入偏鄉角落"
  },
  {
    "region": "Asia",
    "country": "Bangladesh",
    "eng-title": "Flood Relief in Bangladesh",
    "zh-title": "孟加拉水患賑災",
    "description": "1991年及1993年發生水患慈濟志工發起勸募援助災民匯聚臺灣、美國兩地的愛心開啟慈濟國際賑災先例"
  },
  {
    "region": "Asia",
    "country": "Pakistan",
    "eng-title": "Aid for Pakistan Floods",
    "zh-title": "巴基斯坦水患援助",
    "description": "2022年6月持續性的強降雨帶來洪災慈濟透過6個NGO組織提供物資與醫藥支援"
  },
  {
    "region": "Europe",
    "country": "Ukraine",
    "eng-title": "Ukraine Refugees Relief",
    "zh-title": "波蘭境內烏克蘭難民援助",
    "description": "2022年2月俄烏戰爭爆發數百萬烏克蘭人逃往鄰近國家慈濟志工攜手非政府組織在邊境城市提供協助"
  },
  {
    "region": "Europe",
    "country": "Ukraine",
    "eng-title": "Ukraine Refugees Relief",
    "zh-title": "烏克蘭難民援助",
    "description": "2022年2月俄烏戰爭爆發數百萬烏克蘭人逃往鄰近國家慈濟志工攜手非政府組織在邊境城市提供協助"
  },
  {
    "region": "Europe",
    "country": "Germany",
    "eng-title": "Flood Relief in Germany",
    "zh-title": "德國水災關懷",
    "description": "德國西部遭連續暴雨數萬人撤離家園志工長租行動餐車以熱食供餐陪伴災民與災區復原工作人員"
  },

  {
    "region": "Europe",
    "country": "Serbia",
    "eng-title": "Aid for Syrian Refugees in Serbia",
    "zh-title": "塞爾維亞難民援助",
    "description": "2011年敘利亞內戰爆發近58萬人至塞國過境或駐留2016年歐洲慈濟志工前往馳援為難民中心供餐及物資援助持續幫助過境或滯留的難民"
  },
  {
    "region": "Europe",
    "country": "Portugal",
    "eng-title": "Aid to Wildfire Survivors in Portugal",
    "zh-title": "葡萄牙林火援助",
    "description": "2017年森林大火延燒52萬公頃來自歐洲各國的慈濟志工結合葡萄牙當地志工展開發放提供購物券及義診服務"
  },
  {
    "region": "Europe",
    "country": "France",
    "eng-title": "Flood Relief in France",
    "zh-title": "法國世紀洪水援助",
    "description": "2016年5月，連日大雨造成中部多個省分嚴重水災來自六國的慈濟志工於重災區發放現值卡援助災民"
  },
  {
    "region": "Europe",
    "country": "Kosovo",
    "eng-title": "Aid to War Victims in Kosovo",
    "zh-title": "科索沃戰禍救援",
    "description": "戰爭造成數十萬人淪為難民1999年慈濟與騎士橋國際組織合作提供緊急藥品於難民中心協同法國世界醫師聯盟培訓當地醫護人員並興建供水設備"
  },
  {
    "region": "Africa",
    "country": "Morocco",
    "eng-title": "Bring Relief to EarthquakeSurvivors in Morocco",
    "zh-title": "摩洛哥震災援助",
    "description": "2023年9月規模6.8地震造成山區村落嚴重受災慈濟即刻整備賑災物資委請當地慈善機構協助發放"
  },
  {
    "region": "Africa",
    "country": "Malawi",
    "eng-title": "Cyclone Idai Disaster Relief in Malawi",
    "zh-title": "馬拉威伊代氣旋救援",
    "description": "2019年熱帶低氣壓造成馬拉威南部多處水災南非慈濟志工啟動救災為受災戶援建磚房"
  },
  {
    "region": "Africa",
    "country": "Sierra Leone",
    "eng-title": "Disaster Relief for Fire Victimsin Sierra Leone",
    "zh-title": "獅子山火災救援",
    "description": "2021年3月貧民區發生大火慈濟美國總會在第一時間聯絡當地長期合作的自由城明愛會整合物資、在地人力投入救援"
  },
  {
    "region": "Africa",
    "country": "Rwanda",
    "eng-title": "Aid to War Victims in Rwanda",
    "zh-title": "盧安達戰禍救援",
    "description": "1994年爆發種族大屠殺四百萬流離異鄉的難民往邊境逃亡慈濟與世界醫師聯盟合作招募醫護人員及34噸物資前往援助"
  },
  {
    "region": "Africa",
    "country": "Congo",
    "eng-title": "Aid to War Victims in Congo",
    "zh-title": "剛果境內難民援助",
    "description": "1994年4月盧安達爆發種族大屠殺難民逃至薩伊(剛果)邊境避難慈濟與世界醫師聯盟合作招募醫護人員及34噸物資前往援助"
  },
  {
    "region": "Africa",
    "country": "Ethiopia",
    "eng-title": "Provide Medical Care to Ethiopia",
    "zh-title": "衣索匹亞醫療援助",
    "description": "1993至2002年間慈濟與法國世界醫師聯盟合作在旱災與戰爭影響最嚴重的地方展開三年期衛生援助方案"
  },
  {
    "region": "Americas",
    "country": "Mexico",
    "eng-title": "Flood Relief in Mexico",
    "zh-title": "墨西哥水災關懷",
    "description": "連日豪雨重創墨西哥中部志工立即動員勘災造冊於重災區舉辦三場大型發放"
  },
  {
    "region": "Americas",
    "country": "Mexico",
    "eng-title": "Free Clinic in Mexico",
    "zh-title": "墨西哥醫療義診",
    "description": "自2017年大地震援助後慈濟人醫會依約前來每年三次義診服務貧病鄉親"
  },
  {
    "region": "Americas",
    "country": "St. Vincent",
    "eng-title": "Distribution to St. Vincent for Volcano Disaster Relief",
    "zh-title": "聖文森火山爆發關懷",
    "description": "2021年接連遭遇火山爆發及暴雨慈濟針對撤離到避難所的災民提供上千件的衣物、防疫物資及折疊床"
  },
  {
    "region": "Americas",
    "country": "Puerto Rico",
    "eng-title": "Hurricane Maria Disaster Relief for Puerto Rico",
    "zh-title": "波多黎各颶風關懷",
    "description": "2017年9月瑪麗亞颶風侵襲2018年1月志工前往勘災發放9月陸續針對六個區域貧困戶發放"
  },
  {
    "region": "Americas",
    "country": "Nicaragua",
    "eng-title": "Aid to Hurricanes Georges and Mitch victims in Nicaragua",
    "zh-title": "尼加拉瓜颶風關懷",
    "description": "1998年9月密契颶風重創中南美洲在台發起賑濟中美洲募衣專案援助衣物、食品、鞋子、布匹和裁縫機"
  },
  {
    "region": "Americas",
    "country": "Peru",
    "eng-title": "Earthquake relief in Peru",
    "zh-title": "秘魯地震援助",
    "description": "2007年南部強震造成嚴重傷亡慈濟志工結合當地臺商在重點災區進行大型發放助三千戶家庭度過難關"
  },
  {
    "region": "Americas",
    "country": "Colombia",
    "eng-title": "Colombia Earthquakes Relief",
    "zh-title": "哥倫比亞震災援助",
    "description": "1999年強震造成上千人傷亡志工初勘後，緊急提供醫療急救包並於重災區發放糧食及義診搭設簡易屋供災民居住"
  }
]
