[
    {
        "名稱": "東森得易購股份有限公司",
        "分類": "量販電商",
        "網站": "https://www.etmall.com.tw",
        "聯絡電話": "02-24937888",
        "縣市": "新北市",
        "區": "中和區",
        "地址": "景平路266號",
        "完整地址格式": "新北市中和區景平路266號",
        "latitude": 24.9927011,
        "longitude": 121.5151204,
        "googleID": "ChIJqeiEEAADaDQR3D_82cPsw0Y"
    },
   
    {
        "名稱": "茂迪股份有限公司",
        "分類": "食品餐飲",
        "網站": "https://www.motech.com.tw",
        "聯絡電話": "(02)2662-5093",
        "縣市": "新北市",
        "區": "深坑區",
        "地址": "北深路3段248號6樓",
        "完整地址格式": "新北市深坑區北深路3段248號6樓",
        "latitude": 25.0044521,
        "longitude": 121.5999795,
        "googleID": "ChIJeTFv13urQjQRp6SsAwTvJ7Y"
    },

    {
        "名稱": "高雄信宗大飯店",
        "分類": "旅館",
        "網站": "https://kaohsiung.ahotel.tw",
        "聯絡電話": "07-9738666",
        "縣市": "高雄市",
        "區": "三民區",
        "地址": "建國三路487號",
        "完整地址格式": "高雄市三民區建國三路487號",
        "latitude": 22.6355597,
        "longitude": 120.2895922,
        "googleID": "ChIJQa9_jWYEbjQR99CyLdrPOQA"
    },
    {
        "名稱": "大哉良食股份有限公司",
        "分類": "食品餐飲",
        "網站": "https//:lin.ee.HUuiWf3",
        "聯絡電話": "07-5508530",
        "縣市": "高雄市",
        "區": "鼓山區",
        "地址": "博愛一路534號5樓",
        "完整地址格式": "高雄市鼓山區博愛一路534號5樓",
        "latitude": 22.6553809,
        "longitude": 120.3037849,
        "googleID": "ChIJ-QNu9cQFbjQRFfmZcrNa7hw"
    },
    {
        "名稱": "蘋果休閒育樂有限公司",
        "分類": "食品餐飲",
        "網站": "https://shenmusunrise.com.tw",
        "聯絡電話": "0916-117756",
        "縣市": "嘉義市",
        "區": "東區",
        "地址": "盧厝里盧厝31-8號",
        "完整地址格式": "嘉義市東區盧厝里盧厝31-8號",
        "latitude": 23.4912721,
        "longitude": 120.4765148,
        "googleID": "Not found"
    },
    {
        "名稱": "三癸亭國際企業",
        "分類": "食品餐飲",
        "網站": "https//:thankyoutea.weebly.com",
        "聯絡電話": "0975-550210",
        "縣市": "嘉義縣",
        "區": "民雄鄉",
        "地址": "裕農路220號1樓",
        "完整地址格式": "嘉義縣民雄鄉裕農路220號1樓",
        "latitude": 23.5578838,
        "longitude": 120.4701091,
        "googleID": "Not found"
    },
    {
        "名稱": "立重紙業股份有限公司",
        "分類": "製造業",
        "網站": "http://www.lechung.com.tw/index.php",
        "聯絡電話": "07-3759299",
        "縣市": "高雄市",
        "區": "仁武區",
        "地址": "仁林路277號",
        "完整地址格式": "高雄市仁武區仁林路277號",
        "latitude": 22.700582,
        "longitude": 120.3925133,
        "googleID": "ChIJA4hm728QbjQRLLhpOxOEXmM"
    },
    {
        "名稱": "龍盛精密股份有限公司",
        "分類": "製造業",
        "網站": "http:/www.longsp.com.tw",
        "聯絡電話": "07-8135335",
        "縣市": "高雄市",
        "區": "前鎮區",
        "地址": "新強路32號",
        "完整地址格式": "高雄市前鎮區新強路32號",
        "latitude": 22.581083,
        "longitude": 120.315351,
        "googleID": "ChIJDa0UVxcDbjQRIHtn-efn0n4"
    },
    {
        "名稱": "傑友科技有限公司",
        "分類": "光電綠能",
        "網站": "https://chieh-u.com/",
        "聯絡電話": "07-7337679",
        "縣市": "高雄市",
        "區": "鳥松區",
        "地址": "中正路144巷77號",
        "完整地址格式": "高雄市鳥松區中正路144巷77號",
        "latitude": 22.6658645,
        "longitude": 120.3651238,
        "googleID": "ChIJQbvg2DgbbjQRopHWnkdizfo"
    },
    {
        "名稱": "合眾冷凍工業股份有限公司",
        "分類": "製造業",
        "網站": "http:/www.coldroom.com.tw/companyc.html",
        "聯絡電話": "07-6151121",
        "縣市": "高雄市",
        "區": "燕巢區",
        "地址": "鳳旗路310號",
        "完整地址格式": "高雄市燕巢區鳳旗路310號",
        "latitude": 22.7529374,
        "longitude": 120.3510851,
        "googleID": "ChIJn5CLOd0RbjQR17_5ieHzwcA"
    },
    {
        "名稱": "春木建設有限公司",
        "分類": "建築不動產",
        "網站": "https://www.st86591807.com",
        "聯絡電話": "07-5536688",
        "縣市": "高雄市",
        "區": "鼓山區",
        "地址": "明華路253號13樓",
        "完整地址格式": "高雄市鼓山區明華路253號13樓",
        "latitude": 22.663281,
        "longitude": 120.2987088,
        "googleID": "ChIJH1erjWEDbjQRcdraMbvgAms"
    },
    {
        "名稱": "尚城建設有限公司",
        "分類": "建築不動產",
        "網站": "http:/www.sangcheng.com.tw",
        "聯絡電話": "07-3341776",
        "縣市": "高雄市",
        "區": "苓雅區",
        "地址": "四維3路6號24樓之1",
        "完整地址格式": "高雄市苓雅區四維3路6號24樓之1",
        "latitude": 22.619908,
        "longitude": 120.311166,
        "googleID": "ChIJ9bm6epsEbjQRBdSx4YbIgDI"
    },
    {
        "名稱": "九乘九文具股份有限公司",
        "分類": "量販電商",
        "網站": "https://9x9stationery.com.tw",
        "聯絡電話": "07-2018899",
        "縣市": "高雄市",
        "區": "前金區",
        "地址": "中山二路505號10樓",
        "完整地址格式": "高雄市前金區中山二路505號10樓",
        "latitude": 22.6201219,
        "longitude": 120.3018754,
        "googleID": "ChIJr3BzCsIFbjQRiDX_YPSNqJw"
    },
    {
        "名稱": "聖峰通運股份有限公司",
        "分類": "倉儲運輸",
        "網站": "無官網",
        "聯絡電話": "07-8111151",
        "縣市": "高雄市",
        "區": "前鎮區",
        "地址": "草衙二路255號7樓",
        "完整地址格式": "高雄市前鎮區草衙二路255號7樓",
        "latitude": 22.5758735,
        "longitude": 120.3246479,
        "googleID": "ChIJHcd5oiMDbjQRETfMBe2zRmI"
    },
    {
        "名稱": "世界台灣商會聯合總會",
        "分類": "職業團體",
        "網站": "https://www.wtcc.org.tw",
        "聯絡電話": "02-23211822",
        "縣市": "台北市",
        "區": "中正區",
        "地址": "北平東路30號13樓之3",
        "完整地址格式": "台北市中正區北平東路30號13樓之3",
        "latitude": 25.0457722,
        "longitude": 121.5258067,
        "googleID": "ChIJ84wmqnqpQjQRcW0-grDt0TA"
    },
    {
        "名稱": "全家便利商店股份有限公司",
        "分類": "量販電商",
        "網站": "https://www.family.com.tw",
        "聯絡電話": "02-25239588",
        "縣市": "台北市",
        "區": "中山區",
        "地址": "中山北路2段61號7樓",
        "完整地址格式": "台北市中山區中山北路2段61號7樓",
        "latitude": 25.0561427,
        "longitude": 121.5230064,
        "googleID": "ChIJbdaW_K6pQjQRQHo7_P67cXM"
    },
    {
        "名稱": "四海茶莊有限公司",
        "分類": "食品餐飲",
        "網站": "http://www.szuhaitea.com",
        "聯絡電話": "02-27116363",
        "縣市": "台北市",
        "區": "大安區",
        "地址": "敦化南路一段233巷45號1樓",
        "完整地址格式": "台北市大安區敦化南路一段233巷45號1樓",
        "latitude": 25.0405189,
        "longitude": 121.5514747,
        "googleID": "ChIJ2T-pg8WrQjQRi2jo3KhAeKQ"
    },
    {
        "名稱": "逸茶棧有限公司",
        "分類": "食品餐飲",
        "網站": "無官網",
        "聯絡電話": "0937-046458",
        "縣市": "台北市",
        "區": "大安區",
        "地址": "敦化南路一段233巷45號1樓",
        "完整地址格式": "台北市大安區敦化南路一段233巷45號1樓",
        "latitude": 25.0405189,
        "longitude": 121.5514747,
        "googleID": "Not found"
    },
    {
        "名稱": "萃釅股份有限公司",
        "分類": "食品餐飲",
        "網站": "https://www.ainsithe.com",
        "聯絡電話": "02-23973148",
        "縣市": "台北市",
        "區": "大安區",
        "地址": "金華街249-1號",
        "完整地址格式": "台北市大安區金華街249-1號",
        "latitude": 25.0299534,
        "longitude": 121.5309878,
        "googleID": "ChIJjZCtX1-pQjQR4d3oWmQVyto"
    },
    {
        "名稱": "花蓮縣餅-中華門市",
        "分類": "食品餐飲",
        "網站": "https://www.hling.com.tw",
        "聯絡電話": "03-8312889",
        "縣市": "花蓮縣",
        "區": "花蓮市",
        "地址": "中華路1號",
        "完整地址格式": "花蓮縣花蓮市中華路1號",
        "latitude": 23.9739607,
        "longitude": 121.5879319,
        "googleID": "ChIJUcmcTbSfaDQR8ZmVX2oS-eM"
    },
    {
        "名稱": "花蓮縣餅-站前門市",
        "分類": "食品餐飲",
        "網站": "https://www.hling.com.tw",
        "聯絡電話": "03-8338819",
        "縣市": "花蓮縣",
        "區": "花蓮市",
        "地址": "國聯一路57號",
        "完整地址格式": "花蓮縣花蓮市國聯一路57號",
        "latitude": 23.9920603,
        "longitude": 121.6032496,
        "googleID": "ChIJA1fScLafaDQR-GXZI2JciOg"
    },
    {
        "名稱": "順發3C台北店",
        "分類": "3C電子",
        "網站": "https://csr.sunfar.com.tw",
        "聯絡電話": "02-23221818",
        "縣市": "台北市",
        "區": "中正區",
        "地址": "八德路一段23號地下一樓",
        "完整地址格式": "台北市中正區八德路一段23號地下一樓",
        "latitude": 25.044065,
        "longitude": 121.5311077,
        "googleID": "ChIJq1GQZXupQjQRr4zkxqLW5IQ"
    },
    {
        "名稱": "順發3C板橋四川店",
        "分類": "3C電子",
        "網站": "https://csr.sunfar.com.tw",
        "聯絡電話": "02-29615522",
        "縣市": "新北市",
        "區": "板橋區",
        "地址": "四川路一段105號",
        "完整地址格式": "新北市板橋區四川路一段105號",
        "latitude": 25.0052748,
        "longitude": 121.4597993,
        "googleID": "ChIJy0xSUh6oQjQRB1nfRoACI5E"
    },
    {
        "名稱": "順發3C輔大店",
        "分類": "3C電子",
        "網站": "https://csr.sunfar.com.tw",
        "聯絡電話": "02-29066261",
        "縣市": "新北市",
        "區": "新莊區",
        "地址": "建國一路7號",
        "完整地址格式": "新北市新莊區建國一路7號",
        "latitude": 25.0319916,
        "longitude": 121.4339051,
        "googleID": "ChIJX3XTnuinQjQRmzCQ4OnJKkk"
    },
    {
        "名稱": "順發3C新竹店",
        "分類": "3C電子",
        "網站": "https://csr.sunfar.com.tw",
        "聯絡電話": "03-5727119",
        "縣市": "新竹市",
        "區": "東區",
        "地址": "金城一路7號",
        "完整地址格式": "新竹市東區金城一路7號",
        "latitude": 24.7936524,
        "longitude": 121.0015616,
        "googleID": "ChIJA0Hr5BI2aDQRk05GxRYEIkk"
    },
    {
        "名稱": "順發3C新竹經國店",
        "分類": "3C電子",
        "網站": "https://csr.sunfar.com.tw/",
        "聯絡電話": "03-5335622",
        "縣市": "新竹市",
        "區": "東區",
        "地址": "經國路一段470號",
        "完整地址格式": "新竹市東區經國路一段470號",
        "latitude": 24.814742,
        "longitude": 120.9786347,
        "googleID": "ChIJeWFssdE1aDQRHXn25ukKYAE"
    },
    {
        "名稱": "順發3C竹北店",
        "分類": "3C電子",
        "網站": "https://csr.sunfar.com.tw/",
        "聯絡電話": "03-5559292",
        "縣市": "新竹縣",
        "區": "竹北市",
        "地址": "中華路262號",
        "完整地址格式": "新竹縣竹北市中華路262號",
        "latitude": 24.8318077,
        "longitude": 121.0032106,
        "googleID": "ChIJh-0TOpE2aDQRhS0xBb_cIho"
    },
    {
        "名稱": "順發3C竹東店",
        "分類": "3C電子",
        "網站": "https://csr.sunfar.com.tw/",
        "聯絡電話": "03-5963959",
        "縣市": "新竹縣",
        "區": "竹東鎮",
        "地址": "長春路三段315號",
        "完整地址格式": "新竹縣竹東鎮長春路三段315號",
        "latitude": 24.7463535,
        "longitude": 121.0809654,
        "googleID": "ChIJ7fhP3HhJaTQRpeafKqXIhlc"
    },
    {
        "名稱": "順發3C桃園店",
        "分類": "3C電子",
        "網站": "https://csr.sunfar.com.tw/",
        "聯絡電話": "03-3472116",
        "縣市": "桃園市",
        "區": "桃園區",
        "地址": "中山東路32之16號",
        "完整地址格式": "桃園市桃園區中山東路32之16號",
        "latitude": 24.9959914,
        "longitude": 121.3152797,
        "googleID": "ChIJO3FOLfkeaDQRJIj-EK096uk"
    },
    {
        "名稱": "順發3C竹南店",
        "分類": "3C電子",
        "網站": "https://csr.sunfar.com.tw/",
        "聯絡電話": "037-551811",
        "縣市": "苗栗縣",
        "區": "竹南鎮",
        "地址": "大營路155,157號",
        "完整地址格式": "苗栗縣竹南鎮大營路155,157號",
        "latitude": 24.6859207,
        "longitude": 120.8727633,
        "googleID": "ChIJ667HABizaTQRYQatM_QE9E0"
    },
    {
        "名稱": "順發3C頭份店",
        "分類": "3C電子",
        "網站": "https://csr.sunfar.com.tw/",
        "聯絡電話": "037-695858",
        "縣市": "苗栗縣",
        "區": "頭份鎮",
        "地址": "忠孝里自強路79號",
        "完整地址格式": "苗栗縣頭份鎮忠孝里自強路79號",
        "latitude": 24.6888628,
        "longitude": 120.9103719,
        "googleID": "ChIJF6255MxMaDQREsIiyGFrR-c"
    },
    {
        "名稱": "順發3C苗栗店",
        "分類": "3C電子",
        "網站": "https://csr.sunfar.com.tw/",
        "聯絡電話": "037-376998",
        "縣市": "苗栗縣",
        "區": "苗栗市",
        "地址": "忠孝路22號",
        "完整地址格式": "苗栗縣苗栗市忠孝路22號",
        "latitude": 24.5648164,
        "longitude": 120.8188029,
        "googleID": "ChIJn3tJLAmsaTQR1zX2jisVHIQ"
    },
    {
        "名稱": "順發3C文心店",
        "分類": "3C電子",
        "網站": "https://csr.sunfar.com.tw/",
        "聯絡電話": "04-22982828",
        "縣市": "台中市",
        "區": "北區",
        "地址": "文心路四段212號",
        "完整地址格式": "台中市北區文心路四段212號",
        "latitude": 24.1729,
        "longitude": 120.6782302,
        "googleID": "ChIJ95jJn9oXaTQRJCcJi4nmwDg"
    },
    {
        "名稱": "順發3C北屯店",
        "分類": "3C電子",
        "網站": "https://csr.sunfar.com.tw/",
        "聯絡電話": "04-22312699",
        "縣市": "台中市",
        "區": "北屯區",
        "地址": "北屯路145號",
        "完整地址格式": "台中市北屯區北屯路145號",
        "latitude": 24.1632727,
        "longitude": 120.6929603,
        "googleID": "ChIJ3eZhCuEXaTQRg6tJ9DQ2cl4"
    },
    {
        "名稱": "順發3C太平中興店",
        "分類": "3C電子",
        "網站": "https://csr.sunfar.com.tw/",
        "聯絡電話": "04-22731211",
        "縣市": "台中市",
        "區": "太平區",
        "地址": "中興東路175號",
        "完整地址格式": "台中市太平區中興東路175號",
        "latitude": 24.1320331,
        "longitude": 120.7226638,
        "googleID": "ChIJd3_lGsgiaTQRr1I63gz5f4U"
    },
    {
        "名稱": "順發3C量販大里門市",
        "分類": "3C電子",
        "網站": "https://csr.sunfar.com.tw/",
        "聯絡電話": "04-24969911",
        "縣市": "台中市",
        "區": "大里區",
        "地址": "中興路一段343號",
        "完整地址格式": "437台中市大里區中興路一段343號",
        "latitude": 24.0918698,
        "longitude": 120.6909628,
        "googleID": "ChIJs3pxcb48aTQRRQd49FYMxBs"
    },
    {
        "名稱": "順發3C豐原店",
        "分類": "3C電子",
        "網站": "https://csr.sunfar.com.tw/",
        "聯絡電話": "04-25122966",
        "縣市": "台中市",
        "區": "豐原區",
        "地址": "中正路406號",
        "完整地址格式": "台中市豐原區中正路406號",
        "latitude": 24.2508403,
        "longitude": 120.7118369,
        "googleID": "ChIJvRwGIagQaTQRZv7yjutR8rA"
    },
    {
        "名稱": "順發3C清水店",
        "分類": "3C電子",
        "網站": "https://csr.sunfar.com.tw/",
        "聯絡電話": "04-26221211",
        "縣市": "台中市",
        "區": "清水區",
        "地址": "中山路129之1號",
        "完整地址格式": "台中市清水區中山路129之1號",
        "latitude": 24.2650192,
        "longitude": 120.5736303,
        "googleID": "ChIJcf1HeYcUaTQRV0GUGC80QpQ"
    },
    {
        "名稱": "順發3C大甲店",
        "分類": "3C電子",
        "網站": "https://csr.sunfar.com.tw/",
        "聯絡電話": "04-26801618",
        "縣市": "台中市",
        "區": "大甲區",
        "地址": "文武路12號",
        "完整地址格式": "台中市大甲區文武路12號",
        "latitude": 24.3458275,
        "longitude": 120.6261998,
        "googleID": "ChIJbR84-_0RaTQRDAdjWKfqD50"
    },
    {
        "名稱": "順發3C南投店",
        "分類": "3C電子",
        "網站": "https://csr.sunfar.com.tw/",
        "聯絡電話": "049-2228066",
        "縣市": "南投縣",
        "區": "南投市",
        "地址": "芳美路185號",
        "完整地址格式": "南投縣南投市芳美路185號",
        "latitude": 23.9056748,
        "longitude": 120.6934295,
        "googleID": "ChIJmXnWvvUxaTQRb3J8bHNowPA"
    },
    {
        "名稱": "順發3C草屯店",
        "分類": "3C電子",
        "網站": "https://csr.sunfar.com.tw/",
        "聯絡電話": "049-2553668",
        "縣市": "南投縣",
        "區": "草屯鎮",
        "地址": "中正路1002號",
        "完整地址格式": "南投縣草屯鎮中正路1002號",
        "latitude": 23.988358,
        "longitude": 120.6876676,
        "googleID": "ChIJuedlInUwaTQRK7V7yZCSsao"
    },
    {
        "名稱": "順發3C埔里店",
        "分類": "3C電子",
        "網站": "https://csr.sunfar.com.tw/",
        "聯絡電話": "049-2912268",
        "縣市": "南投縣",
        "區": "埔里鎮",
        "地址": "中山路三段560號",
        "完整地址格式": "南投縣埔里鎮中山路三段560號",
        "latitude": 23.9707015,
        "longitude": 120.9505512,
        "googleID": "ChIJbzzFJqnZaDQRYhk1XezAy14"
    },
    {
        "名稱": "順發3C彰化金馬店",
        "分類": "3C電子",
        "網站": "https://csr.sunfar.com.tw/",
        "聯絡電話": "04-7522226",
        "縣市": "彰化縣",
        "區": "彰化市",
        "地址": "金馬路三段701號",
        "完整地址格式": "彰化縣彰化市金馬路三段701號",
        "latitude": 24.074243,
        "longitude": 120.531898,
        "googleID": "ChIJjZMKwYM4aTQR8URSRYreSg4"
    },
    {
        "名稱": "順發3C鹿港店",
        "分類": "3C電子",
        "網站": "https://csr.sunfar.com.tw/",
        "聯絡電話": "04-7765399",
        "縣市": "彰化縣",
        "區": "福興鄉",
        "地址": "彰鹿路六段684號",
        "完整地址格式": "彰化縣福興鄉彰鹿路六段684號",
        "latitude": 24.0454161,
        "longitude": 120.4581997,
        "googleID": "ChIJ7wz3Qx9GaTQRqdmQ_b02QwM"
    },
    {
        "名稱": "順發3C伸港店",
        "分類": "3C電子",
        "網站": "https://csr.sunfar.com.tw/",
        "聯絡電話": "04-7981198",
        "縣市": "彰化縣",
        "區": "伸港鄉",
        "地址": "信義二街46號",
        "完整地址格式": "彰化縣伸港鄉信義二街46號",
        "latitude": 24.1463767,
        "longitude": 120.4863551,
        "googleID": "ChIJJVUqdHhBaTQRr44uh61tHm4"
    },
    {
        "名稱": "順發3C員林店",
        "分類": "3C電子",
        "網站": "https://csr.sunfar.com.tw/",
        "聯絡電話": "04-8376699",
        "縣市": "彰化縣",
        "區": "員林鎮",
        "地址": "520彰化縣員林市育英路32號",
        "完整地址格式": "彰化縣員林鎮520彰化縣員林市育英路32號",
        "latitude": 23.9585558,
        "longitude": 120.5753437,
        "googleID": "ChIJAd0jNvY2aTQRTZsMAsWvIs4"
    },
    {
        "名稱": "順發3C溪湖店",
        "分類": "3C電子",
        "網站": "https://csr.sunfar.com.tw/",
        "聯絡電話": "04-8610502",
        "縣市": "彰化縣",
        "區": "溪湖鎮",
        "地址": "平和街219號",
        "完整地址格式": "彰化縣溪湖鎮平和街219號",
        "latitude": 23.9571071,
        "longitude": 120.4793996,
        "googleID": "ChIJ7fhP3HhJaTQRBhorlaMggUk"
    },
    {
        "名稱": "順發3C田中店",
        "分類": "3C電子",
        "網站": "https://csr.sunfar.com.tw/",
        "聯絡電話": "04-8763519",
        "縣市": "彰化縣",
        "區": "田中鎮",
        "地址": "中州路一段54，56號",
        "完整地址格式": "彰化縣田中鎮中州路一段54，56號",
        "latitude": 23.8584273,
        "longitude": 120.58994,
        "googleID": "ChIJH3fwwMM0aTQRO2FNbnSa32g"
    },
    {
        "名稱": "順發3C斗南店",
        "分類": "3C電子",
        "網站": "https://csr.sunfar.com.tw/",
        "聯絡電話": "05-5972118",
        "縣市": "雲林縣",
        "區": "斗南鎮",
        "地址": "延平路二段355號",
        "完整地址格式": "雲林縣斗南鎮延平路二段355號",
        "latitude": 23.6759668,
        "longitude": 120.4763621,
        "googleID": "ChIJ9Tcm18u5bjQRBcLnK4dUFlU"
    },
    {
        "名稱": "順發3C虎尾店",
        "分類": "3C電子",
        "網站": "https://csr.sunfar.com.tw/",
        "聯絡電話": "05-6321122",
        "縣市": "雲林縣",
        "區": "虎尾鎮",
        "地址": "林森路二段179號",
        "完整地址格式": "雲林縣虎尾鎮林森路二段179號",
        "latitude": 23.7044503,
        "longitude": 120.4287859,
        "googleID": "ChIJ4SU4Xwe6bjQRYmC9soKvHMk"
    },
    {
        "名稱": "順發3C斗六店",
        "分類": "3C電子",
        "網站": "https://csr.sunfar.com.tw/",
        "聯絡電話": "05-5378998",
        "縣市": "雲林縣",
        "區": "斗六市",
        "地址": "雲林路二段313號",
        "完整地址格式": "雲林縣斗六市雲林路二段313號",
        "latitude": 23.7016622,
        "longitude": 120.5295042,
        "googleID": "ChIJPWoctB_IbjQR0OTxFhpR664"
    },
    {
        "名稱": "順發3C西螺店",
        "分類": "3C電子",
        "網站": "https://csr.sunfar.com.tw/",
        "聯絡電話": "05-5881266",
        "縣市": "雲林縣",
        "區": "西螺鎮",
        "地址": "大同路13號",
        "完整地址格式": "雲林縣西螺鎮大同路13號",
        "latitude": 23.796502,
        "longitude": 120.466872,
        "googleID": "ChIJ0Uwatzu0bjQR64z_M1mhcXs"
    },
    {
        "名稱": "順發3C北港店",
        "分類": "3C電子",
        "網站": "https://csr.sunfar.com.tw/",
        "聯絡電話": "05-7730616",
        "縣市": "雲林縣",
        "區": "北港鎮",
        "地址": "文仁路261號",
        "完整地址格式": "雲林縣北港鎮文仁路261號",
        "latitude": 23.5774851,
        "longitude": 120.2974762,
        "googleID": "ChIJTd6PAIqibjQR5z8ewxQaUGc"
    },
    {
        "名稱": "順發3C嘉義店",
        "分類": "3C電子",
        "網站": "https://csr.sunfar.com.tw/",
        "聯絡電話": "05-2259252",
        "縣市": "嘉義市",
        "區": "西區",
        "地址": "林森西路295號",
        "完整地址格式": "嘉義市西區林森西路295號",
        "latitude": 23.4799768,
        "longitude": 120.4431308,
        "googleID": "ChIJxe-h6S6UbjQRe9WZA0-CTrE"
    },
    {
        "名稱": "順發3C朴子店",
        "分類": "3C電子",
        "網站": "https://csr.sunfar.com.tw/",
        "聯絡電話": "05-3661611",
        "縣市": "嘉義縣",
        "區": "朴子市",
        "地址": "山通路1之83號",
        "完整地址格式": "嘉義縣朴子市山通路1之83號",
        "latitude": 23.4663425,
        "longitude": 120.2524109,
        "googleID": "ChIJPWNypvWbbjQRAsFgtOuZIIY"
    },
    {
        "名稱": "順發3C民雄中庄店",
        "分類": "3C電子",
        "網站": "https://csr.sunfar.com.tw/",
        "聯絡電話": "05-2260131",
        "縣市": "嘉義縣",
        "區": "民雄鄉",
        "地址": "東榮村4鄰中庄119號",
        "完整地址格式": "嘉義縣民雄鄉東榮村4鄰中庄119號",
        "latitude": 23.5571863,
        "longitude": 120.4339891,
        "googleID": "ChIJs2dbhFq-bjQRig35rcOkEy8"
    },
    {
        "名稱": "順發3C佳里店",
        "分類": "3C電子",
        "網站": "https://csr.sunfar.com.tw/",
        "聯絡電話": "06-7232661",
        "縣市": "台南市",
        "區": "佳里區",
        "地址": "中山路142號",
        "完整地址格式": "台南市佳里區中山路142號",
        "latitude": 23.1573959,
        "longitude": 120.177429,
        "googleID": "ChIJ_R3Rt7R4bjQRdTQrfB6jWvE"
    },
    {
        "名稱": "順發3C新營店",
        "分類": "3C電子",
        "網站": "https://csr.sunfar.com.tw/",
        "聯絡電話": "06-6329191",
        "縣市": "台南市",
        "區": "新營區",
        "地址": "中正路222號",
        "完整地址格式": "台南市新營區中正路222號",
        "latitude": 23.319427,
        "longitude": 120.316582,
        "googleID": "ChIJoWga7MCFbjQRnXtTBE3712M"
    },
    {
        "名稱": "順發3C台南店",
        "分類": "3C電子",
        "網站": "https://csr.sunfar.com.tw/",
        "聯絡電話": "06-2221996",
        "縣市": "台南市",
        "區": "中西區",
        "地址": "青年路118號",
        "完整地址格式": "台南市中西區青年路118號",
        "latitude": 22.9917893,
        "longitude": 120.2086829,
        "googleID": "ChIJ5xlp44h2bjQRKjhbP4sqqaA"
    },
    {
        "名稱": "順發3C永康店",
        "分類": "3C電子",
        "網站": "https://csr.sunfar.com.tw/",
        "聯絡電話": "06-3038899",
        "縣市": "台南市",
        "區": "永康區",
        "地址": "中山南路162號",
        "完整地址格式": "台南市永康區中山南路162號",
        "latitude": 23.0135186,
        "longitude": 120.2316081,
        "googleID": "ChIJY2_z8N52bjQR4T80v0TLLgs"
    },
    {
        "名稱": "順發3C大灣店",
        "分類": "3C電子",
        "網站": "https://csr.sunfar.com.tw/",
        "聯絡電話": "06-2071089",
        "縣市": "台南市",
        "區": "永康區",
        "地址": "大灣路733號",
        "完整地址格式": "台南市永康區大灣路733號",
        "latitude": 22.9997091,
        "longitude": 120.257491,
        "googleID": "ChIJNRuW8zFxbjQRBsQUtMW0d8s"
    },
    {
        "名稱": "順發3C歸仁店",
        "分類": "3C電子",
        "網站": "https://csr.sunfar.com.tw/",
        "聯絡電話": "06-2308811",
        "縣市": "台南市",
        "區": "歸仁區",
        "地址": "南保里中山路三段192號",
        "完整地址格式": "台南市歸仁區南保里中山路三段192號",
        "latitude": 22.9681193,
        "longitude": 120.2835905,
        "googleID": "ChIJFcxogmNxbjQRaSNAp5LrSYs"
    },
    {
        "名稱": "順發3C善化店",
        "分類": "3C電子",
        "網站": "https://csr.sunfar.com.tw/",
        "聯絡電話": "06-5850606",
        "縣市": "台南市",
        "區": "善化區",
        "地址": "中山路226之6號",
        "完整地址格式": "台南市善化區中山路226之6號",
        "latitude": 23.1325034,
        "longitude": 120.2985608,
        "googleID": "ChIJpe1kEIB8bjQRLksciPs-TdM"
    },
    {
        "名稱": "順發3C高雄店",
        "分類": "3C電子",
        "網站": "https://csr.sunfar.com.tw/",
        "聯絡電話": "07-2382211",
        "縣市": "高雄市",
        "區": "三民區",
        "地址": "建國二路2號",
        "完整地址格式": "高雄市三民區建國二路2號",
        "latitude": 22.6374277,
        "longitude": 120.3133895,
        "googleID": "ChIJmWA5i-wEbjQRe2N_dLQNkCc"
    },
    {
        "名稱": "順發3C華榮店",
        "分類": "3C電子",
        "網站": "https://csr.sunfar.com.tw/",
        "聯絡電話": "07-5521166",
        "縣市": "高雄市",
        "區": "鼓山區",
        "地址": "華榮路456號二樓",
        "完整地址格式": "高雄市鼓山區華榮路456號二樓",
        "latitude": 22.6698363,
        "longitude": 120.2939047,
        "googleID": "ChIJFfxPjagFbjQRDcRIPlaftMU"
    },
    {
        "名稱": "順發3C楠梓店",
        "分類": "3C電子",
        "網站": "https://csr.sunfar.com.tw/",
        "聯絡電話": "07-3512699",
        "縣市": "高雄市",
        "區": "楠梓區",
        "地址": "朝新路170號",
        "完整地址格式": "高雄市楠梓區朝新路170號",
        "latitude": 22.7247937,
        "longitude": 120.3253075,
        "googleID": "ChIJ59jyCMYPbjQRdu_VuLx8MF0"
    },
    {
        "名稱": "順發3C右昌店",
        "分類": "3C電子",
        "網站": "https://csr.sunfar.com.tw/",
        "聯絡電話": "07-3609668",
        "縣市": "高雄市",
        "區": "楠梓區",
        "地址": "德民路962號",
        "完整地址格式": "高雄市楠梓區德民路962號",
        "latitude": 22.7208771,
        "longitude": 120.2888497,
        "googleID": "ChIJ41tk03MPbjQRMZopbMysllE"
    },
    {
        "名稱": "順發3C岡山店",
        "分類": "3C電子",
        "網站": "https://csr.sunfar.com.tw/",
        "聯絡電話": "07-6258988",
        "縣市": "高雄市",
        "區": "岡山區",
        "地址": "柳橋西路64之6號",
        "完整地址格式": "高雄市岡山區柳橋西路64之6號",
        "latitude": 22.790598,
        "longitude": 120.286801,
        "googleID": "ChIJ-XRv1J0ObjQR6YpMWy9Xy1g"
    },
    {
        "名稱": "順發3C屏東店",
        "分類": "3C電子",
        "網站": "https://csr.sunfar.com.tw/",
        "聯絡電話": "08-7651221",
        "縣市": "屏東縣",
        "區": "屏東市",
        "地址": "民生路343號",
        "完整地址格式": "屏東縣屏東市民生路343號",
        "latitude": 22.6707289,
        "longitude": 120.4897407,
        "googleID": "ChIJa-_N-YQXbjQRjevXYh4e_eM"
    },
    {
        "名稱": "順發3C內埔店",
        "分類": "3C電子",
        "網站": "https://csr.sunfar.com.tw/",
        "聯絡電話": "08-7792988",
        "縣市": "屏東縣",
        "區": "內埔鄉",
        "地址": "學人路392之1號",
        "完整地址格式": "屏東縣內埔鄉學人路392之1號",
        "latitude": 22.6028845,
        "longitude": 120.5616641,
        "googleID": "ChIJT6QjI1gibjQRtTfmZ-uhzDo"
    },
    {
        "名稱": "順發3C潮州店",
        "分類": "3C電子",
        "網站": "https://csr.sunfar.com.tw/",
        "聯絡電話": "08-7809292",
        "縣市": "屏東縣",
        "區": "潮州鎮",
        "地址": "延平路255號",
        "完整地址格式": "屏東縣潮州鎮延平路255號",
        "latitude": 22.557705,
        "longitude": 120.5400874,
        "googleID": "ChIJ-Ze0fPAhbjQR3aAGSC2oPeo"
    },
    {
        "名稱": "順發3C小港店",
        "分類": "3C電子",
        "網站": "https://csr.sunfar.com.tw/",
        "聯絡電話": "07-8016996",
        "縣市": "高雄市",
        "區": "小港區",
        "地址": "漢民路790,792,796號",
        "完整地址格式": "高雄市小港區漢民路790,792,796號",
        "latitude": 22.5683405,
        "longitude": 120.3640222,
        "googleID": "ChIJQe_kaNwcbjQRp98nwwaZXS8"
    },
    {
        "名稱": "順發3C鳳山店",
        "分類": "3C電子",
        "網站": "https://csr.sunfar.com.tw/",
        "聯絡電話": "07-7429688",
        "縣市": "高雄市",
        "區": "鳳山區",
        "地址": "中山西路139號",
        "完整地址格式": "高雄市鳳山區中山西路139號",
        "latitude": 22.6272082,
        "longitude": 120.3512856,
        "googleID": "ChIJ14q1JzYbbjQRnvke3lO8QPE"
    },
    {
        "名稱": "順發3C五甲店",
        "分類": "3C電子",
        "網站": "https://csr.sunfar.com.tw/",
        "聯絡電話": "07-7682211",
        "縣市": "高雄市",
        "區": "鳳山區",
        "地址": "五甲三路166號",
        "完整地址格式": "高雄市鳳山區五甲三路166號",
        "latitude": 22.5909592,
        "longitude": 120.3249246,
        "googleID": "ChIJCaNiwEADbjQRydkQ0OiqFCI"
    },
    {
        "名稱": "順發3C林園店",
        "分類": "3C電子",
        "網站": "https://csr.sunfar.com.tw/",
        "聯絡電話": "07-6417288",
        "縣市": "高雄市",
        "區": "林園區",
        "地址": "仁愛路127號",
        "完整地址格式": "高雄市林園區仁愛路127號",
        "latitude": 22.5068092,
        "longitude": 120.3921612,
        "googleID": "ChIJS8NAYX7icTQR0wEuPRHzgjM"
    },
    {
        "名稱": "順發3C東港店",
        "分類": "3C電子",
        "網站": "https://csr.sunfar.com.tw/",
        "聯絡電話": "08-8333396",
        "縣市": "屏東縣",
        "區": "東港鎮",
        "地址": "中正路一段39號",
        "完整地址格式": "屏東縣東港鎮中正路一段39號",
        "latitude": 22.4709934,
        "longitude": 120.4539401,
        "googleID": "ChIJGUDVpJbhcTQRmHDDPTz1838"
    },
    {
        "名稱": "順發3C枋寮店",
        "分類": "3C電子",
        "網站": "https://csr.sunfar.com.tw/",
        "聯絡電話": "08-8782686",
        "縣市": "屏東縣",
        "區": "枋寮鄉",
        "地址": "中興路6號",
        "完整地址格式": "屏東縣枋寮鄉中興路6號",
        "latitude": 22.3676831,
        "longitude": 120.5945471,
        "googleID": "ChIJLcK21j3ccTQRORKoqmTHIEk"
    },
    {
        "名稱": "順發3C台東店",
        "分類": "3C電子",
        "網站": "https://csr.sunfar.com.tw/",
        "聯絡電話": "089-360866",
        "縣市": "台東縣",
        "區": "臺東市",
        "地址": "更生路469號",
        "完整地址格式": "台東縣臺東市更生路469號",
        "latitude": 22.7635513,
        "longitude": 121.1406609,
        "googleID": "ChIJffEzKW25bzQRBsr4m1ljwys"
    },
    {
        "名稱": "順發3C基隆信二店",
        "分類": "3C電子",
        "網站": "https://csr.sunfar.com.tw/",
        "聯絡電話": "02-24216288",
        "縣市": "基隆市",
        "區": "中正區",
        "地址": "信二路296之1號",
        "完整地址格式": "基隆市中正區信二路296之1號",
        "latitude": 25.13213,
        "longitude": 121.744461,
        "googleID": "ChIJyQ47OUFOXTQRwVPlx-8Ka1E"
    },
    {
        "名稱": "順發3C宜蘭店",
        "分類": "3C電子",
        "網站": "https://csr.sunfar.com.tw/",
        "聯絡電話": "03-9356628",
        "縣市": "宜蘭縣",
        "區": "宜蘭市",
        "地址": "光復路56號",
        "完整地址格式": "宜蘭縣宜蘭市光復路56號",
        "latitude": 24.755448,
        "longitude": 121.7549988,
        "googleID": "ChIJ1aEzPdvkZzQR7Sc1ktQrY80"
    },
    {
        "名稱": "順發3C羅東店",
        "分類": "3C電子",
        "網站": "https://csr.sunfar.com.tw/",
        "聯絡電話": "03-9531166",
        "縣市": "宜蘭縣",
        "區": "羅東鎮",
        "地址": "公正路132號",
        "完整地址格式": "宜蘭縣羅東鎮公正路132號",
        "latitude": 24.678601,
        "longitude": 121.7701551,
        "googleID": "ChIJ6R-EKH_mZzQRvOLc0G51PcQ"
    },
    {
        "名稱": "順發3C花蓮店",
        "分類": "3C電子",
        "網站": "https://csr.sunfar.com.tw/",
        "聯絡電話": "03-8333351",
        "縣市": "花蓮縣",
        "區": "花蓮市",
        "地址": "中山路319號",
        "完整地址格式": "花蓮縣花蓮市中山路319號",
        "latitude": 23.9800882,
        "longitude": 121.6068338,
        "googleID": "ChIJnbC66sCfaDQRpp2Y0wSxnUc"
    },
    {
        "名稱": "順發3C玉里店",
        "分類": "3C電子",
        "網站": "https://csr.sunfar.com.tw/",
        "聯絡電話": "03-8881856",
        "縣市": "花蓮縣",
        "區": "玉里鎮",
        "地址": "中山路二段56號",
        "完整地址格式": "花蓮縣玉里鎮中山路二段56號",
        "latitude": 23.3330876,
        "longitude": 121.3151387,
        "googleID": "ChIJ65OY7HtqbzQRaKFAgeTxFWM"
    }

]