[
  {
    "country": "Canada",
    "zh-tw": "加拿大",
    "intro": "有楓葉之國的美譽 天然資源豐富 高度已開發的科技 近1/5人口為移入移民",
    "history": "1992年於溫哥華成立加拿大分會1994年成立多倫多聯絡處多年來持續在社區深耕與本地救世軍、ESS急難救助組織合作成立助學金計劃，幫助上萬名學生安心就學",
    "capital_city": "渥太華",
    "population": "35,151,728人",
    "religion": "天主教 基督教",
    "tzuchi_staff": "627人"
  },
  {
    "country": "Mexico",
    "zh-tw": "墨西哥",
    "intro": "中部美洲文明發源地 犯罪率居世界第一 46%人口生活在貧窮當中",
    "history": "1995年成立墨西哥聯絡處 1996年援建提娃那慈濟小學 1999年美國志工定期義診及發放 2017年強震援助，發放物資、現金卡 至今，人醫會持續前往義診",
    "capital_city": "墨西哥城",
    "population": "119,530,753人",
    "religion": "天主教",
    "tzuchi_staff": "5人"
  },
  {
    "country": "Guatemala",
    "zh-tw": "瓜地馬拉",
    "intro": "位於古代瑪雅文明的中心 六成人口生活在貧窮線下 世界第六大咖啡生產國",
    "history": "1998年颶風侵襲中南美洲 慈濟募集二手衣援助瓜地馬拉等國 2001年成立瓜地馬拉聯絡點 2003年起，定期關懷50戶山區貧戶 2009年援建慈濟東方小學",
    "capital_city": "瓜地馬拉市",
    "population": "15,189,958人",
    "religion": "天主教",
    "tzuchi_staff": "10人"
  },
  {
    "country": "Dominican",
    "zh-tw": "多明尼加",
    "intro": "揉合歐洲、非洲與當地文化 首都保留許多百年建築及文物 42%人口生活在貧窮線以下",
    "history": "一場風災，慈濟足跡踏上多明尼加 一念不捨，為垃圾山的孩子亮點未來的希望 1998年喬治颶風賑災 1999年成立多明尼加聯絡點 2000年拉羅馬那慈濟小學啟用",
    "capital_city": "聖多明哥",
    "population": "10,734,247人",
    "religion": "天主教",
    "tzuchi_staff": "22人"
  },
  {
    "country": "St. Maarten",
    "zh-tw": "荷屬聖馬丁",
    "intro": "南、北分屬荷蘭、法國管轄 經濟以旅遊業為主 氣候終年如夏",
    "history": "2005年成立荷屬聖馬丁聯絡點 以機構關懷及小型急難救助為主 2017年艾瑪颶風，提供糧食援助 促成環保宣導、千人浴佛暨發放",
    "capital_city": "菲利普斯堡",
    "population": "41,486人",
    "religion": "羅馬天主教",
    "tzuchi_staff": "6人"
  },
  {
    "country": "St. Maarten",
    "zh-tw": "法屬聖馬丁",
    "history": "南、北分屬荷蘭、法國管轄 經濟以旅遊業為主 氣候終年如夏",
    "capital_city": "聖荷西",
    "population": "36,824人",
    "religion": "羅馬天主教",
    "tzuchi_staff": "6人"
  },
  {
    "country": "Haiti",
    "zh-tw": "海地",
    "intro": "位於加勒比海的島國 經濟以農業為主 糧食仰賴進口 世界最貧窮的國家之一",
    "history": "1998年喬治颶風 志工跨國賑災，捐濟四貨櫃衣物 2008年遭受四個風災襲擊 美國志工展開人道援助與賑災計畫 2010年強震援助，爾後每年發放大米",
    "capital_city": "太子港",
    "population": "9,996,731人",
    "religion": "羅馬天主教",
    "tzuchi_staff": "12人"
  },
  {
    "country": "Honduras",
    "zh-tw": "宏都拉斯",
    "intro": "貧富差距大 醫療衛生條件差 時有霍亂、登革熱病例 被列為高負債貧窮國",
    "history": " 1998年密契颶風援助2011年豪雨關懷，帶動居民親身發放分5年3梯次，共興建408戶大愛屋2016年成立人醫會，定期義診發放",
    "capital_city": "特古西加爾巴",
    "population": " 9,587,522人",
    "religion": "天主教",
    "tzuchi_staff": "18人"
  },
  {
    "country": "El Salvador",
    "zh-tw": "薩爾瓦多",
    "intro": "境內多火山 美洲人口最稠密的國家 城鄉貧富差距大",
    "history": "2001年強震賑災發放、義診薩卡哥友與鄉米可興建大愛村重建住屋、學校、活動中心和教堂並帶動當地臺商和僑民擔起慈善工作    2011年洪災援助",
    "capital_city": " 薩爾瓦多",
    "population": " : 聖薩爾瓦多",
    "religion": "天主教",
    "tzuchi_staff": "1人"
  },
  {
    "country": "Chile",
    "zh-tw": "智利",
    "intro": "豐富的礦產、森林與漁業資源 拉丁美洲最富有的國家之一 貧富懸殊問題嚴重",
    "history": "2010年強震援助，七國慈濟志工馳援 舉辦三場大型發放，共2500戶受惠 同年，於聖地牙哥成立聯絡處 並展開首度機構關懷",
    "capital_city": "聖地牙哥",
    "population": "18,637,000人",
    "religion": "天主教 新教",
    "tzuchi_staff": "12人"
  },
  {
    "country": "Argentina",
    "zh-tw": "阿根廷",
    "intro": "拉美第三大經濟體之一 豐富的自然資源 對外開放政策和多元工業體系",
    "history": "1992年於布宜諾斯艾利斯成立聯絡處 慈善開展以於慰訪殘障療養院、孤兒院 與養老院，關懷在地貧苦人士 亦濟助貧童就學，提供急難救助",
    "capital_city": "布宜諾斯艾利斯",
    "population": "42,669,500人",
    "religion": "天主教",
    "tzuchi_staff": "42人"
  },
  {
    "country": "Paraguay",
    "zh-tw": "巴拉圭",
    "intro": "位於南美洲的中心地帶 經濟以農牧業為主 世界第六大大豆生產國",
    "history": "1992年水患援助，善行感召當地華人 1996年成立聯絡點 定期前往孤兒院與養老院關懷 提供急難救助，並援建七所希望小學",
    "capital_city": "亞淞森",
    "population": "6,703,860人",
    "religion": "天主教",
    "tzuchi_staff": "47人"
  },
  {
    "country": "Ecuador",
    "zh-tw": "厄瓜多",
    "intro": "赤道橫貫國境 中等收入的開發中國家 經濟高度依賴類似石油",
    "history": "2016年震災援助 啟動以工代賑，將濟助化為工資 讓居民合力清掃、重建家園 從賑災濟貧擴及醫療援助 更為卡諾亞鎮重建教堂",
    "capital_city": "基多",
    "population": "15,007,343人",
    "religion": "天主教",
    "tzuchi_staff": "6人"
  },
  {
    "country": "Brazil",
    "zh-tw": "巴西",
    "intro": "自然資源豐厚、勞動力充足 生產總值位居南美洲第一 官方語言為葡萄牙文",
    "history": "1992年在聖保羅市成⽴聯絡處 從關懷孤老開始，逐漸深入貧民區 1996年擴建唐伯教育中⼼義診場地 成立巴西慈濟人醫會及義診所 走入偏遠社區、十多個定點輪流義診",
    "capital_city": "巴西利亞",
    "population": "205,338,000人",
    "religion": "天主教",
    "tzuchi_staff": "53人"
  },
  {
    "country": "Bolivia",
    "zh-tw": "玻利維亞",
    "intro": "有36個印第安原住民民族 豐富的石油和天然氣 南美洲最貧窮、落後之國",
    "history": "2007年水患援助 舉行大型賑災發放與義診 援助消毒物資、醫藥用品及民生物資 2014年再度馳援水患",
    "capital_city": "蘇克雷",
    "population": "10,556,102人",
    "religion": "基督教",
    "tzuchi_staff": "1人"
  },
  {
    "country": "Venezuela",
    "zh-tw": "委內瑞拉",
    "intro": "政治不穩、石油價格大跌 現為通貨膨脹率最高的國家 失業率高導致治安不穩",
    "history": "1999年豪雨引發山崩和土石流 援助醫藥用品及貨櫃型緊急給水設備 2014年通膨經濟危機 提供糧食予照顧戶及天主教療養院",
    "capital_city": "卡拉卡斯",
    "population": "28,887,118人",
    "religion": "天主教 新教",
    "tzuchi_staff": "2人"
  },
  {
    "country": "Peru",
    "zh-tw": "祕魯",
    "intro": "",
    "history": "古印加文化發祥地 為世界「馬鈴薯之鄉」 約有50%人口生活在貧窮之中",
    "capital_city": "利馬",
    "population": "32,868,000人",
    "religion": "天主教",
    "tzuchi_staff": ""
  },
  {
    "country": "Colombia",
    "zh-tw": "哥倫比亞",
    "intro": "",
    "history": "南美洲國家聯盟的成員國 極為豐富的生物資源 拉丁美洲的軍事大國",
    "capital_city": "波哥大",
    "population": "49,939,000人",
    "religion": "天主教",
    "tzuchi_staff": ""
  }
]
